Basin,Kperc,Kb,Ke,Cqq,S_init,G_init,Smax,KGE
11532500,0.084,0.987,0.651,0.168,0.35,0.15,0.05,0.913
12040500,0.037,0.996,0.665,0.368,0.35,0.15,0.05,0.9
12010000,0.487,0.998,0.712,0.692,0.35,0.15,0.05,0.879
12035000,0.066,0.986,0.505,0.346,0.35,0.15,0.05,0.876
12013500,0.017,0.998,0.127,0.697,0.35,0.15,0.05,0.87
14222500,0.194,1.0,0.628,0.5,0.35,0.15,0.05,0.862
12167000,0.446,1.0,0.518,0.455,0.35,0.15,0.05,0.859
14305500,0.106,1.0,0.72,0.364,0.35,0.15,0.05,0.853
12020000,0.498,0.959,0.819,0.261,0.35,0.15,0.05,0.853
14400000,0.395,0.995,0.982,0.613,0.35,0.15,0.05,0.852
12041200,0.906,0.837,0.703,0.113,0.35,0.15,0.05,0.844
14301000,0.119,0.997,0.626,0.173,0.35,0.15,0.05,0.825
14306500,0.155,0.994,0.93,0.373,0.35,0.15,0.05,0.821
14309500,0.724,0.969,0.916,0.342,0.35,0.15,0.05,0.819
11482500,0.615,0.998,0.81,0.299,0.35,0.15,0.05,0.814
14216500,0.657,0.954,0.923,0.288,0.35,0.15,0.05,0.813
14185900,0.947,0.99,0.938,0.722,0.35,0.15,0.05,0.812
11478500,0.307,0.935,0.846,0.13,0.35,0.15,0.05,0.805
05362000,0.24,0.594,0.779,0.103,0.35,0.15,0.05,0.804
11480390,0.918,0.881,0.878,0.163,0.35,0.15,0.05,0.803
04024430,0.099,0.622,0.662,0.136,0.35,0.15,0.05,0.8
14185000,0.19,0.997,0.903,0.238,0.35,0.15,0.05,0.798
11522500,0.159,0.741,0.923,0.1,0.35,0.15,0.05,0.778
04040500,0.563,0.585,0.432,0.102,0.35,0.15,0.05,0.768
04027000,0.197,0.643,0.996,0.106,0.35,0.15,0.05,0.763
05131500,0.062,0.526,0.26,0.109,0.35,0.15,0.05,0.76
11468500,0.666,0.912,0.943,0.132,0.35,0.15,0.05,0.756
05393500,0.639,0.695,0.236,0.11,0.35,0.15,0.05,0.747
03439000,0.351,0.994,0.775,0.581,0.35,0.15,0.05,0.747
14154500,0.251,0.998,0.996,0.225,0.35,0.15,0.05,0.745
05087500,0.358,0.726,0.591,0.109,0.35,0.15,0.05,0.744
05408000,0.269,0.75,0.703,0.103,0.35,0.15,0.05,0.744
04063700,0.788,0.639,0.677,0.106,0.35,0.15,0.05,0.743
11528700,0.239,0.882,0.7,0.102,0.35,0.15,0.05,0.739
14137000,0.311,0.998,0.962,0.244,0.35,0.15,0.05,0.734
11473900,0.144,0.942,0.564,0.109,0.35,0.15,0.05,0.728
14316700,0.206,0.975,0.8,0.179,0.35,0.15,0.05,0.726
11383500,0.998,0.694,0.966,0.116,0.35,0.15,0.05,0.723
06409000,0.36,0.566,0.295,0.117,0.35,0.15,0.05,0.713
01413500,0.477,0.764,0.644,0.116,0.35,0.15,0.05,0.712
04074950,0.177,0.617,0.397,0.104,0.35,0.15,0.05,0.709
07301410,0.212,0.68,0.381,0.104,0.35,0.15,0.05,0.709
01435000,0.726,0.782,0.672,0.111,0.35,0.15,0.05,0.708
14166500,0.394,0.993,0.823,0.432,0.35,0.15,0.05,0.708
03463300,0.963,0.825,0.681,0.995,0.35,0.15,0.05,0.703
05414000,0.288,0.846,0.688,0.117,0.35,0.15,0.05,0.697
05413500,0.107,0.875,0.46,0.114,0.35,0.15,0.05,0.69
03186500,0.52,0.869,1.0,0.102,0.35,0.15,0.05,0.69
03161000,0.349,0.913,0.711,0.12,0.35,0.15,0.05,0.687
05399500,0.366,0.652,0.825,0.104,0.35,0.15,0.05,0.687
01047000,0.304,0.808,0.678,0.102,0.35,0.15,0.05,0.684
04056500,0.044,0.415,0.126,0.111,0.35,0.15,0.05,0.684
06431500,0.318,0.705,0.596,0.102,0.35,0.15,0.05,0.681
05489000,0.038,0.983,0.853,0.194,0.35,0.15,0.05,0.678
03479000,0.322,0.927,0.28,0.232,0.35,0.15,0.05,0.678
04015330,0.759,0.743,0.639,0.112,0.35,0.15,0.05,0.676
06903400,0.085,0.998,0.564,0.119,0.35,0.15,0.05,0.675
01350000,0.43,0.755,0.644,0.106,0.35,0.15,0.05,0.673
05487980,0.015,0.952,0.644,0.341,0.35,0.15,0.05,0.669
01052500,0.878,0.77,0.054,0.132,0.35,0.15,0.05,0.669
04045500,0.199,0.668,0.196,0.103,0.35,0.15,0.05,0.669
05129115,0.075,0.627,0.434,0.107,0.35,0.15,0.05,0.668
08082700,0.123,0.951,0.634,0.16,0.35,0.15,0.05,0.667
05458000,0.755,0.829,0.888,0.154,0.35,0.15,0.05,0.665
02297310,0.798,0.984,0.896,0.666,0.35,0.15,0.05,0.665
05454000,0.012,0.974,0.803,0.807,0.35,0.15,0.05,0.661
02299950,0.046,0.983,0.905,0.366,0.35,0.15,0.05,0.659
01440400,0.629,0.837,0.549,0.113,0.35,0.15,0.05,0.659
04221000,0.448,0.752,0.726,0.115,0.35,0.15,0.05,0.657
05412500,0.024,0.818,0.731,0.116,0.35,0.15,0.05,0.655
04059500,0.578,0.744,0.738,0.112,0.35,0.15,0.05,0.653
02298608,0.184,0.998,0.687,0.298,0.35,0.15,0.05,0.653
02312200,0.258,0.976,0.933,0.232,0.35,0.15,0.05,0.653
05056000,0.012,0.2,0.451,0.105,0.35,0.15,0.05,0.652
01134500,0.574,0.83,0.489,0.121,0.35,0.15,0.05,0.65
01031500,0.402,0.794,0.637,0.103,0.35,0.15,0.05,0.647
02327100,0.076,0.998,0.792,0.299,0.35,0.15,0.05,0.647
12043000,0.745,0.648,0.918,1.0,0.35,0.15,0.05,0.646
02297155,0.306,0.985,0.781,0.597,0.35,0.15,0.05,0.644
05495000,0.088,0.994,0.666,0.26,0.35,0.15,0.05,0.643
01423000,0.378,0.772,0.614,0.109,0.35,0.15,0.05,0.642
01518862,0.396,0.766,0.732,0.102,0.35,0.15,0.05,0.641
02140991,0.342,0.941,0.535,0.107,0.35,0.15,0.05,0.641
12048000,0.692,0.688,0.669,0.102,0.35,0.15,0.05,0.64
11523200,0.448,0.717,0.742,0.105,0.35,0.15,0.05,0.634
03069500,0.078,0.838,0.073,0.112,0.35,0.15,0.05,0.633
08158700,0.015,0.964,0.456,0.102,0.35,0.15,0.05,0.63
06853800,0.03,0.764,0.636,0.117,0.35,0.15,0.05,0.63
01552000,0.229,0.746,0.386,0.105,0.35,0.15,0.05,0.629
05057000,0.039,0.526,0.446,0.114,0.35,0.15,0.05,0.628
06406000,0.268,0.562,0.564,0.102,0.35,0.15,0.05,0.626
11253310,0.024,0.19,0.562,0.1,0.35,0.15,0.05,0.626
01078000,0.759,0.888,0.56,0.164,0.35,0.15,0.05,0.625
11162500,0.637,0.818,0.968,0.105,0.35,0.15,0.05,0.625
01550000,0.249,0.711,0.278,0.106,0.35,0.15,0.05,0.624
14158500,0.971,0.894,0.995,0.978,0.35,0.15,0.05,0.624
02296500,0.032,0.992,0.445,0.144,0.35,0.15,0.05,0.624
06289000,0.386,0.82,0.294,0.743,0.35,0.15,0.05,0.622
02310947,0.324,0.964,0.897,0.29,0.35,0.15,0.05,0.621
06447500,0.014,0.873,0.192,0.1,0.35,0.15,0.05,0.621
12186000,0.491,0.939,0.672,0.248,0.35,0.15,0.05,0.621
07145700,0.202,0.763,0.609,0.102,0.35,0.15,0.05,0.618
07180500,0.562,0.99,0.898,0.759,0.35,0.15,0.05,0.616
01139000,0.992,0.916,0.476,0.56,0.35,0.15,0.05,0.615
04296000,0.987,0.875,0.472,0.154,0.35,0.15,0.05,0.615
01013500,0.616,0.801,0.404,0.125,0.35,0.15,0.05,0.615
01181000,0.441,0.834,0.586,0.103,0.35,0.15,0.05,0.613
04057510,0.242,0.676,0.865,0.103,0.35,0.15,0.05,0.613
06888500,0.017,0.905,0.939,0.109,0.35,0.15,0.05,0.612
02177000,0.906,0.601,0.542,1.0,0.35,0.15,0.05,0.611
03456500,0.778,0.941,0.978,0.366,0.35,0.15,0.05,0.61
01144000,0.167,0.861,0.042,0.125,0.35,0.15,0.05,0.608
03180500,0.457,0.833,0.738,0.104,0.35,0.15,0.05,0.607
01439500,0.588,0.847,0.971,0.108,0.35,0.15,0.05,0.604
01532000,0.346,0.724,0.373,0.104,0.35,0.15,0.05,0.603
03504000,0.906,0.991,0.678,0.767,0.35,0.15,0.05,0.6
01057000,0.952,0.889,0.74,0.129,0.35,0.15,0.05,0.599
03500000,0.185,0.992,0.283,0.195,0.35,0.15,0.05,0.597
12141300,0.994,0.875,0.75,0.265,0.35,0.15,0.05,0.596
01544500,0.998,0.829,0.538,0.174,0.35,0.15,0.05,0.596
02137727,0.616,0.971,0.81,0.367,0.35,0.15,0.05,0.594
06043500,0.026,0.958,0.346,0.455,0.35,0.15,0.05,0.594
01169000,0.896,0.877,0.787,0.128,0.35,0.15,0.05,0.594
08202700,0.013,0.835,0.472,0.103,0.35,0.15,0.05,0.592
06803530,0.012,0.987,0.039,0.131,0.35,0.15,0.05,0.592
06910800,0.026,0.998,0.264,0.13,0.35,0.15,0.05,0.592
01548500,0.092,0.717,0.848,0.108,0.35,0.15,0.05,0.592
01539000,0.283,0.8,0.597,0.109,0.35,0.15,0.05,0.587
04224775,0.356,0.651,0.323,0.101,0.35,0.15,0.05,0.585
01030500,0.246,0.83,0.677,0.106,0.35,0.15,0.05,0.584
05495500,0.032,0.999,0.198,0.124,0.35,0.15,0.05,0.584
01054200,0.998,0.932,0.173,0.548,0.35,0.15,0.05,0.584
01545600,0.909,0.845,0.891,0.114,0.35,0.15,0.05,0.577
06911900,0.022,0.998,0.446,0.188,0.35,0.15,0.05,0.573
06470800,0.043,0.018,0.456,0.266,0.35,0.15,0.05,0.572
06814000,0.014,0.852,0.565,0.1,0.35,0.15,0.05,0.571
06878000,0.013,0.926,0.442,0.149,0.35,0.15,0.05,0.57
01170100,0.978,0.898,0.85,0.986,0.35,0.15,0.05,0.57
10396000,0.298,0.628,0.821,0.107,0.35,0.15,0.05,0.57
05501000,0.044,0.934,0.841,0.306,0.35,0.15,0.05,0.569
06889200,0.017,0.962,0.486,0.175,0.35,0.15,0.05,0.569
07315200,0.076,0.998,0.693,0.126,0.35,0.15,0.05,0.568
06885500,0.012,0.68,0.355,0.104,0.35,0.15,0.05,0.568
05508805,0.073,0.992,0.174,0.175,0.35,0.15,0.05,0.566
01365000,0.997,0.828,0.599,0.723,0.35,0.15,0.05,0.566
06601000,0.012,0.524,0.449,0.104,0.35,0.15,0.05,0.565
08104900,0.016,0.996,0.699,0.186,0.35,0.15,0.05,0.564
07151500,0.013,0.302,0.789,0.102,0.35,0.15,0.05,0.564
06892000,0.011,0.743,0.813,0.102,0.35,0.15,0.05,0.563
05584500,0.022,0.946,0.567,0.115,0.35,0.15,0.05,0.562
02231342,0.314,0.998,0.703,0.288,0.35,0.15,0.05,0.559
07066000,0.156,0.997,0.918,0.417,0.35,0.15,0.05,0.559
08164300,0.013,0.907,0.445,0.106,0.35,0.15,0.05,0.559
03164000,0.028,0.909,0.69,0.101,0.35,0.15,0.05,0.558
03015500,0.223,0.813,0.514,0.103,0.35,0.15,0.05,0.555
06921070,0.054,0.992,0.741,0.229,0.35,0.15,0.05,0.554
11451100,0.984,0.856,0.951,0.117,0.35,0.15,0.05,0.554
01543000,0.47,0.861,0.783,0.114,0.35,0.15,0.05,0.552
05503800,0.07,0.981,0.686,0.205,0.35,0.15,0.05,0.552
06889500,0.019,0.892,0.445,0.108,0.35,0.15,0.05,0.551
05507600,0.021,0.967,0.238,0.203,0.35,0.15,0.05,0.55
06921200,0.978,0.998,0.968,0.168,0.35,0.15,0.05,0.55
05585000,0.013,0.785,0.887,0.102,0.35,0.15,0.05,0.549
02298123,0.034,0.992,0.134,0.129,0.35,0.15,0.05,0.547
02369800,0.319,0.949,0.817,0.134,0.35,0.15,0.05,0.546
02028500,0.451,0.941,0.752,0.219,0.35,0.15,0.05,0.546
02152100,0.895,1.0,0.912,0.104,0.35,0.15,0.05,0.544
03182500,0.22,0.86,0.444,0.11,0.35,0.15,0.05,0.542
12115000,0.958,0.802,0.805,0.994,0.35,0.15,0.05,0.542
07067000,0.057,0.982,0.205,0.128,0.35,0.15,0.05,0.542
04122500,0.021,0.955,0.489,0.245,0.35,0.15,0.05,0.542
06919500,0.024,1.0,0.77,0.161,0.35,0.15,0.05,0.54
07340300,0.255,0.993,0.872,0.512,0.35,0.15,0.05,0.54
03028000,0.985,0.912,0.218,0.365,0.35,0.15,0.05,0.54
06918460,0.101,0.998,0.856,0.156,0.35,0.15,0.05,0.539
03498500,0.472,0.942,0.683,0.238,0.35,0.15,0.05,0.538
07184000,0.036,0.996,0.517,0.203,0.35,0.15,0.05,0.538
01055000,0.997,0.919,0.551,0.632,0.35,0.15,0.05,0.536
11381500,0.996,0.764,0.728,0.108,0.35,0.15,0.05,0.534
02027000,0.998,0.95,0.788,0.192,0.35,0.15,0.05,0.533
07167500,0.055,0.998,0.68,0.164,0.35,0.15,0.05,0.533
01022500,0.525,0.936,0.889,0.29,0.35,0.15,0.05,0.532
07068000,0.042,0.984,0.488,0.149,0.35,0.15,0.05,0.532
07335700,0.602,0.996,0.955,0.795,0.35,0.15,0.05,0.532
08378500,0.542,0.73,0.96,0.124,0.35,0.15,0.05,0.531
01510000,0.539,0.817,0.559,0.128,0.35,0.15,0.05,0.531
02149000,0.353,0.99,0.846,0.176,0.35,0.15,0.05,0.531
03078000,0.615,0.937,0.577,0.234,0.35,0.15,0.05,0.531
03473000,0.168,0.977,0.697,0.192,0.35,0.15,0.05,0.53
06479215,0.05,0.493,0.501,0.219,0.35,0.15,0.05,0.528
06339100,0.012,0.416,0.727,0.103,0.35,0.15,0.05,0.527
02235200,0.087,0.985,0.911,0.332,0.35,0.15,0.05,0.525
03021350,0.94,0.774,0.774,0.102,0.35,0.15,0.05,0.523
01543500,0.255,0.823,0.852,0.119,0.35,0.15,0.05,0.523
03010655,0.997,0.904,0.114,0.51,0.35,0.15,0.05,0.522
07056000,0.061,0.994,0.757,0.123,0.35,0.15,0.05,0.519
08200000,0.012,0.652,0.555,0.1,0.35,0.15,0.05,0.517
09494000,0.099,0.407,0.258,0.102,0.35,0.15,0.05,0.517
08196000,0.118,0.998,0.718,0.364,0.35,0.15,0.05,0.517
07197000,0.046,0.997,0.912,0.177,0.35,0.15,0.05,0.514
05514500,0.01,0.981,0.884,0.101,0.35,0.15,0.05,0.511
07071500,0.024,0.952,0.426,0.119,0.35,0.15,0.05,0.509
08014500,0.015,0.985,0.826,0.156,0.35,0.15,0.05,0.508
02245500,0.054,0.998,0.592,0.216,0.35,0.15,0.05,0.507
08164600,0.013,0.959,0.277,0.149,0.35,0.15,0.05,0.504
08109700,0.013,0.928,0.528,0.101,0.35,0.15,0.05,0.504
05556500,0.082,0.988,0.139,0.17,0.35,0.15,0.05,0.5
02246000,0.026,0.988,0.965,0.113,0.35,0.15,0.05,0.5
07060710,0.222,0.997,0.621,0.381,0.35,0.15,0.05,0.5
02374500,0.283,0.991,0.915,0.188,0.35,0.15,0.05,0.499
05444000,0.048,0.998,0.261,0.275,0.35,0.15,0.05,0.498
13338500,0.199,0.728,0.48,0.102,0.35,0.15,0.05,0.498
14096850,0.262,0.783,0.809,0.101,0.35,0.15,0.05,0.496
08176900,0.013,0.945,0.584,0.102,0.35,0.15,0.05,0.495
08175000,0.02,0.998,0.866,0.118,0.35,0.15,0.05,0.495
07057500,0.034,0.996,0.436,0.153,0.35,0.15,0.05,0.494
05291000,0.015,0.044,0.852,0.1,0.35,0.15,0.05,0.483
06224000,0.013,0.94,0.424,0.721,0.35,0.15,0.05,0.476
01415000,0.998,0.898,0.562,0.651,0.35,0.15,0.05,0.474
02469800,0.133,0.989,0.346,0.192,0.35,0.15,0.05,0.471
02371500,0.123,0.982,0.811,0.14,0.35,0.15,0.05,0.471
02465493,0.994,0.705,0.972,0.992,0.35,0.15,0.05,0.47
06280300,0.035,0.991,0.471,0.69,0.35,0.15,0.05,0.469
08013000,0.077,0.991,0.778,0.14,0.35,0.15,0.05,0.468
06917000,0.031,0.996,0.69,0.244,0.35,0.15,0.05,0.467
02112120,0.834,0.991,0.801,0.855,0.35,0.15,0.05,0.465
06191500,0.024,0.956,0.498,0.296,0.35,0.15,0.05,0.464
07376000,0.051,0.993,0.257,0.244,0.35,0.15,0.05,0.46
03346000,0.077,0.988,0.985,0.179,0.35,0.15,0.05,0.46
01606500,0.172,0.919,0.934,0.103,0.35,0.15,0.05,0.459
02069700,0.89,0.992,0.966,0.341,0.35,0.15,0.05,0.457
03076600,0.654,0.996,0.782,0.626,0.35,0.15,0.05,0.455
04216418,0.758,0.76,0.845,0.112,0.35,0.15,0.05,0.454
04127997,0.055,0.996,0.547,0.215,0.35,0.15,0.05,0.453
03340800,0.106,0.996,0.719,0.396,0.35,0.15,0.05,0.452
05593900,0.164,0.997,0.811,0.372,0.35,0.15,0.05,0.451
08324000,0.076,0.419,0.516,0.105,0.35,0.15,0.05,0.451
05595730,0.071,0.995,0.632,0.196,0.35,0.15,0.05,0.451
03070500,0.271,0.927,0.818,0.104,0.35,0.15,0.05,0.45
10263500,0.99,0.597,0.982,0.102,0.35,0.15,0.05,0.449
02481000,0.9,0.914,0.924,0.104,0.35,0.15,0.05,0.448
11124500,0.133,0.996,0.725,0.174,0.35,0.15,0.05,0.447
03364500,0.152,0.991,0.73,0.659,0.35,0.15,0.05,0.446
07014500,0.019,0.998,0.699,0.111,0.35,0.15,0.05,0.445
02479300,0.347,0.92,0.711,0.101,0.35,0.15,0.05,0.444
02372250,0.058,0.99,0.574,0.131,0.35,0.15,0.05,0.443
04122200,0.077,0.987,0.454,0.135,0.35,0.15,0.05,0.443
14020000,0.994,0.872,0.894,0.348,0.35,0.15,0.05,0.442
03384450,0.228,0.995,0.962,0.709,0.35,0.15,0.05,0.442
01451800,0.703,0.879,0.93,0.108,0.35,0.15,0.05,0.439
03170000,0.015,0.99,0.637,0.195,0.35,0.15,0.05,0.438
06450500,0.011,0.559,0.208,0.101,0.35,0.15,0.05,0.434
01485500,0.668,0.858,0.96,0.127,0.35,0.15,0.05,0.434
12411000,0.458,0.825,0.815,0.11,0.35,0.15,0.05,0.433
13023000,0.02,0.956,0.312,0.815,0.35,0.15,0.05,0.431
02464000,0.135,0.994,0.471,0.389,0.35,0.15,0.05,0.431
08171300,0.029,0.991,0.563,0.137,0.35,0.15,0.05,0.43
07362100,0.999,0.905,0.848,0.868,0.35,0.15,0.05,0.429
02070000,0.312,0.98,0.965,0.338,0.35,0.15,0.05,0.429
12358500,0.037,0.984,0.81,0.382,0.35,0.15,0.05,0.426
13011900,0.253,0.853,0.896,1.0,0.35,0.15,0.05,0.426
02408540,0.019,0.995,0.091,0.284,0.35,0.15,0.05,0.425
10242000,0.972,0.841,0.946,0.136,0.35,0.15,0.05,0.424
01632000,0.309,0.838,0.564,0.111,0.35,0.15,0.05,0.422
07261000,0.096,0.998,0.697,0.305,0.35,0.15,0.05,0.422
08101000,0.012,0.932,0.244,0.107,0.35,0.15,0.05,0.421
07375000,0.529,0.982,0.985,0.144,0.35,0.15,0.05,0.421
05525500,0.019,0.971,0.501,0.117,0.35,0.15,0.05,0.42
11476600,0.919,0.931,0.254,0.988,0.35,0.15,0.05,0.42
03366500,0.018,0.998,0.516,0.321,0.35,0.15,0.05,0.419
02046000,0.089,0.994,0.85,0.344,0.35,0.15,0.05,0.418
03604000,0.02,0.992,0.314,0.312,0.35,0.15,0.05,0.416
06332515,0.011,0.392,0.176,0.101,0.35,0.15,0.05,0.413
12189500,0.352,0.767,0.811,0.108,0.35,0.15,0.05,0.412
03574500,0.046,0.994,0.601,0.334,0.35,0.15,0.05,0.412
03488000,0.128,0.987,0.649,0.168,0.35,0.15,0.05,0.411
01568000,0.559,0.901,0.687,0.124,0.35,0.15,0.05,0.407
06352000,0.012,0.123,0.576,0.102,0.35,0.15,0.05,0.406
04124000,0.047,1.0,0.654,0.245,0.35,0.15,0.05,0.405
02051000,0.671,0.999,0.989,0.332,0.35,0.15,0.05,0.404
01664000,0.056,0.985,0.705,0.108,0.35,0.15,0.05,0.401
02324400,0.04,0.996,0.213,0.139,0.35,0.15,0.05,0.401
11151300,0.038,0.739,0.527,0.104,0.35,0.15,0.05,0.396
07291000,0.346,0.998,0.739,0.144,0.35,0.15,0.05,0.395
02178400,0.931,0.743,0.874,0.998,0.35,0.15,0.05,0.394
06477500,0.01,0.233,0.703,0.105,0.35,0.15,0.05,0.393
11148900,0.123,0.995,0.607,0.146,0.35,0.15,0.05,0.393
02053800,0.099,0.975,0.661,0.251,0.35,0.15,0.05,0.393
01605500,0.362,0.939,0.756,0.15,0.35,0.15,0.05,0.392
07292500,0.029,0.998,0.254,0.178,0.35,0.15,0.05,0.39
06404000,0.997,0.71,0.658,0.126,0.35,0.15,0.05,0.389
03280700,0.972,0.988,0.835,0.985,0.35,0.15,0.05,0.389
03300400,0.05,0.998,0.657,0.136,0.35,0.15,0.05,0.384
06344600,0.017,0.618,0.815,0.103,0.35,0.15,0.05,0.381
07346045,0.045,0.989,0.531,0.189,0.35,0.15,0.05,0.381
02481510,0.191,0.977,0.881,0.126,0.35,0.15,0.05,0.38
02479560,0.083,0.982,0.941,0.118,0.35,0.15,0.05,0.38
04213000,0.65,0.812,0.854,0.102,0.35,0.15,0.05,0.378
13340000,0.059,0.759,0.132,0.107,0.35,0.15,0.05,0.377
12056500,0.948,0.658,0.814,0.998,0.35,0.15,0.05,0.376
08029500,0.213,0.995,0.926,0.201,0.35,0.15,0.05,0.376
02056900,0.042,0.993,0.878,0.395,0.35,0.15,0.05,0.375
09510200,0.017,0.951,0.693,0.105,0.35,0.15,0.05,0.373
13340600,0.192,0.886,0.776,0.116,0.35,0.15,0.05,0.371
03455500,0.754,0.438,0.534,1.0,0.35,0.15,0.05,0.371
13011500,0.713,0.986,0.59,1.0,0.35,0.15,0.05,0.371
02015700,0.482,0.952,0.943,0.203,0.35,0.15,0.05,0.369
01667500,0.145,0.991,0.244,0.122,0.35,0.15,0.05,0.369
01121000,0.993,0.988,0.948,0.971,0.35,0.15,0.05,0.368
01666500,0.03,0.998,0.66,0.262,0.35,0.15,0.05,0.367
10234500,0.075,0.326,0.318,0.604,0.35,0.15,0.05,0.364
02361000,0.012,0.949,0.569,0.106,0.35,0.15,0.05,0.363
02013000,0.331,0.99,0.817,0.33,0.35,0.15,0.05,0.361
08070000,0.016,0.882,0.387,0.104,0.35,0.15,0.05,0.361
02011400,0.286,0.96,0.942,0.286,0.35,0.15,0.05,0.36
03049000,0.302,0.989,0.799,0.294,0.35,0.15,0.05,0.356
07196900,0.98,0.763,0.796,0.996,0.35,0.15,0.05,0.356
02051500,0.062,0.994,0.872,0.182,0.35,0.15,0.05,0.355
03281500,0.02,0.993,0.905,0.175,0.35,0.15,0.05,0.354
02014000,0.055,0.995,0.979,0.188,0.35,0.15,0.05,0.354
09223000,0.019,0.981,0.589,0.64,0.35,0.15,0.05,0.353
08070200,0.011,0.944,0.604,0.1,0.35,0.15,0.05,0.352
13083000,0.017,0.873,0.525,0.593,0.35,0.15,0.05,0.351
02017500,0.172,0.975,0.991,0.468,0.35,0.15,0.05,0.351
04043050,0.027,0.434,0.203,0.999,0.35,0.15,0.05,0.351
03173000,0.177,0.992,0.701,0.223,0.35,0.15,0.05,0.351
02016000,0.049,0.939,0.737,0.115,0.35,0.15,0.05,0.347
02018000,0.197,0.998,0.603,0.188,0.35,0.15,0.05,0.347
01634500,0.379,0.989,0.796,0.372,0.35,0.15,0.05,0.346
11274630,0.014,0.772,0.728,0.108,0.35,0.15,0.05,0.344
04105700,0.016,0.965,0.861,0.708,0.35,0.15,0.05,0.343
02065500,0.151,0.999,0.71,0.521,0.35,0.15,0.05,0.343
12414500,0.344,0.783,0.851,0.108,0.35,0.15,0.05,0.34
02350900,0.021,0.998,0.839,0.151,0.35,0.15,0.05,0.339
02059500,0.374,0.994,0.637,0.271,0.35,0.15,0.05,0.338
02422500,0.039,0.996,0.848,0.304,0.35,0.15,0.05,0.338
02082950,0.305,0.998,0.746,0.192,0.35,0.15,0.05,0.337
11176400,0.076,0.775,0.602,0.106,0.35,0.15,0.05,0.336
06876700,0.011,0.319,0.398,0.103,0.35,0.15,0.05,0.336
02143000,0.348,0.994,0.67,0.717,0.35,0.15,0.05,0.335
02128000,0.094,0.99,0.909,0.259,0.35,0.15,0.05,0.33
04256000,0.998,0.257,0.281,0.999,0.35,0.15,0.05,0.328
09430600,0.036,0.866,0.58,0.102,0.35,0.15,0.05,0.327
03187500,0.33,0.951,0.394,0.999,0.35,0.15,0.05,0.32
02472500,0.159,1.0,0.72,0.251,0.35,0.15,0.05,0.316
02118500,0.197,0.993,0.802,0.333,0.35,0.15,0.05,0.309
04185000,0.068,0.998,0.526,0.327,0.35,0.15,0.05,0.309
08066300,0.051,0.995,0.634,0.226,0.35,0.15,0.05,0.306
01580000,0.474,0.984,0.709,0.444,0.35,0.15,0.05,0.306
06632400,0.989,0.987,0.317,0.997,0.35,0.15,0.05,0.304
03237500,0.021,0.993,0.936,0.126,0.35,0.15,0.05,0.303
13337000,0.617,0.893,0.896,0.119,0.35,0.15,0.05,0.301
01487000,0.185,0.998,0.775,0.257,0.35,0.15,0.05,0.299
10329500,0.249,0.884,0.342,0.193,0.35,0.15,0.05,0.298
02081500,0.016,0.964,0.097,0.234,0.35,0.15,0.05,0.294
03213700,0.071,0.991,0.941,0.163,0.35,0.15,0.05,0.292
07149000,0.012,0.405,0.6,0.101,0.35,0.15,0.05,0.291
06784000,0.013,0.56,0.349,0.106,0.35,0.15,0.05,0.29
04197100,0.073,1.0,0.464,0.329,0.35,0.15,0.05,0.289
09512280,0.026,0.943,0.722,0.106,0.35,0.15,0.05,0.288
01583500,0.19,0.996,0.974,0.42,0.35,0.15,0.05,0.287
08066200,0.021,0.994,0.392,0.124,0.35,0.15,0.05,0.281
10173450,0.374,0.158,0.944,0.834,0.35,0.15,0.05,0.279
13235000,0.212,0.35,0.581,0.51,0.35,0.15,0.05,0.279
02064000,0.042,0.994,0.572,0.238,0.35,0.15,0.05,0.279
11266500,0.989,0.36,0.825,0.105,0.35,0.15,0.05,0.278
01491000,0.057,0.99,0.738,0.355,0.35,0.15,0.05,0.277
02395120,0.247,1.0,0.987,0.491,0.35,0.15,0.05,0.277
03285000,0.095,0.997,0.578,0.152,0.35,0.15,0.05,0.274
01669520,0.922,0.946,0.94,0.993,0.35,0.15,0.05,0.27
01644000,0.066,1.0,0.762,0.163,0.35,0.15,0.05,0.27
04196800,0.058,1.0,0.557,0.259,0.35,0.15,0.05,0.268
01639500,0.351,0.998,0.422,0.192,0.35,0.15,0.05,0.262
10258500,0.056,0.994,0.5,0.118,0.35,0.15,0.05,0.257
02212600,0.078,1.0,0.611,0.179,0.35,0.15,0.05,0.255
09497980,0.016,0.618,0.34,0.102,0.35,0.15,0.05,0.253
07148400,0.012,0.014,0.589,0.106,0.35,0.15,0.05,0.252
07299670,0.012,0.187,0.284,0.101,0.35,0.15,0.05,0.251
02472000,0.012,0.696,0.669,0.103,0.35,0.15,0.05,0.248
02074500,0.093,0.995,0.806,0.302,0.35,0.15,0.05,0.247
03140000,0.653,0.932,0.881,0.998,0.35,0.15,0.05,0.244
08269000,0.993,0.851,0.786,0.289,0.35,0.15,0.05,0.241
01638480,0.12,1.0,0.56,0.243,0.35,0.15,0.05,0.241
13313000,0.709,0.911,0.128,0.103,0.35,0.15,0.05,0.24
02092500,0.344,0.931,0.648,0.116,0.35,0.15,0.05,0.234
10259200,0.269,0.686,0.95,0.107,0.35,0.15,0.05,0.232
09352900,0.993,0.036,0.596,0.945,0.35,0.15,0.05,0.231
02314500,0.011,0.805,0.31,0.101,0.35,0.15,0.05,0.226
09513780,0.021,0.992,0.422,0.109,0.35,0.15,0.05,0.225
08178880,0.01,0.482,0.672,0.103,0.35,0.15,0.05,0.225
09386900,0.034,0.454,0.48,0.107,0.35,0.15,0.05,0.225
02221525,0.047,0.988,0.615,0.13,0.35,0.15,0.05,0.222
09505350,0.152,0.938,0.916,0.113,0.35,0.15,0.05,0.218
02202600,0.968,0.973,0.847,0.988,0.35,0.15,0.05,0.215
01591400,0.948,0.815,0.821,0.997,0.35,0.15,0.05,0.212
07142300,0.014,0.574,0.068,0.104,0.35,0.15,0.05,0.212
12451000,0.51,0.839,0.648,0.11,0.35,0.15,0.05,0.208
12381400,0.153,0.919,0.26,1.0,0.35,0.15,0.05,0.205
02315500,0.011,0.308,0.491,0.103,0.35,0.15,0.05,0.205
09404450,0.093,0.986,0.762,0.181,0.35,0.15,0.05,0.204
13331500,0.72,0.398,0.55,1.0,0.35,0.15,0.05,0.19
09210500,0.018,0.993,0.201,0.476,0.35,0.15,0.05,0.189
08023080,0.08,0.937,0.706,0.113,0.35,0.15,0.05,0.188
01187300,0.526,0.181,0.875,1.0,0.35,0.15,0.05,0.186
02108000,0.16,0.987,0.971,0.15,0.35,0.15,0.05,0.183
08150800,0.011,0.894,0.116,0.104,0.35,0.15,0.05,0.181
10172700,0.764,0.369,0.381,0.998,0.35,0.15,0.05,0.176
08377900,0.99,0.894,0.137,0.258,0.35,0.15,0.05,0.176
09081600,0.965,0.944,0.272,0.998,0.35,0.15,0.05,0.172
14325000,0.999,0.78,0.764,0.122,0.35,0.15,0.05,0.166
09505800,0.03,1.0,0.758,0.122,0.35,0.15,0.05,0.165
10205030,0.206,0.987,0.39,0.782,0.35,0.15,0.05,0.16
02450250,0.979,0.994,0.946,0.982,0.35,0.15,0.05,0.152
12082500,0.994,0.694,0.584,0.107,0.35,0.15,0.05,0.144
08267500,0.994,0.953,0.188,0.479,0.35,0.15,0.05,0.143
13161500,0.036,0.998,0.466,0.224,0.35,0.15,0.05,0.138
11141280,0.991,0.988,0.92,0.903,0.35,0.15,0.05,0.135
02077200,0.131,0.998,0.2,0.288,0.35,0.15,0.05,0.124
03011800,0.951,0.429,0.433,0.999,0.35,0.15,0.05,0.123
03500240,1.0,0.986,0.737,0.962,0.35,0.15,0.05,0.116
04057800,0.988,0.976,0.176,0.94,0.35,0.15,0.05,0.084
02231000,0.011,0.761,0.632,0.101,0.35,0.15,0.05,0.071
12025000,0.978,0.93,0.943,0.982,0.35,0.15,0.05,0.064
09312600,0.026,0.996,0.589,0.359,0.35,0.15,0.05,0.063
12175500,0.617,0.635,0.329,1.0,0.35,0.15,0.05,0.06
12092000,1.0,0.69,0.731,0.126,0.35,0.15,0.05,0.056
08195000,0.013,0.719,0.7,0.1,0.35,0.15,0.05,0.046
12144000,0.953,0.951,0.9,0.995,0.35,0.15,0.05,0.044
13240000,0.11,0.728,0.28,1.0,0.35,0.15,0.05,0.039
08198500,0.014,0.856,0.557,0.103,0.35,0.15,0.05,0.031
02111180,0.709,0.587,0.317,1.0,0.35,0.15,0.05,-0.013
06622700,0.037,0.428,0.232,0.999,0.35,0.15,0.05,-0.014
08165300,0.011,0.494,0.342,0.101,0.35,0.15,0.05,-0.03
14182500,0.846,0.785,0.641,0.999,0.35,0.15,0.05,-0.034
02011460,0.8,0.865,0.493,0.998,0.35,0.15,0.05,-0.038
05592050,0.81,0.921,0.518,0.998,0.35,0.15,0.05,-0.041
07315700,0.011,0.624,0.49,0.106,0.35,0.15,0.05,-0.042
12374250,0.02,0.906,0.143,1.0,0.35,0.15,0.05,-0.044
02111500,0.993,0.821,0.607,0.997,0.35,0.15,0.05,-0.046
05123400,0.013,0.094,0.949,0.103,0.35,0.15,0.05,-0.047
02055100,0.968,0.72,0.788,0.996,0.35,0.15,0.05,-0.053
06803510,0.172,0.134,0.979,1.0,0.35,0.15,0.05,-0.06
12143600,0.992,0.938,0.346,0.999,0.35,0.15,0.05,-0.061
08164000,0.01,0.519,0.744,0.102,0.35,0.15,0.05,-0.077
01613050,0.902,0.641,0.212,1.0,0.35,0.15,0.05,-0.082
11224500,0.014,0.653,0.61,0.102,0.35,0.15,0.05,-0.085
03144000,0.606,0.767,0.321,1.0,0.35,0.15,0.05,-0.093
11264500,0.999,0.337,0.961,0.111,0.35,0.15,0.05,-0.097
02216180,0.975,0.993,0.613,0.996,0.35,0.15,0.05,-0.098
14236200,0.997,0.967,0.912,0.978,0.35,0.15,0.05,-0.12
12488500,0.962,0.98,0.851,0.992,0.35,0.15,0.05,-0.151
06623800,0.077,0.929,0.194,1.0,0.35,0.15,0.05,-0.156
04197170,0.543,0.691,0.758,1.0,0.35,0.15,0.05,-0.158
09508300,0.999,0.701,0.495,0.201,0.35,0.15,0.05,-0.187
01632900,0.95,0.916,0.787,0.992,0.35,0.15,0.05,-0.192
01350140,0.908,0.994,0.145,1.0,0.35,0.15,0.05,-0.211
06479438,0.014,0.143,0.657,0.102,0.35,0.15,0.05,-0.22
12054000,0.995,0.966,0.836,0.959,0.35,0.15,0.05,-0.227
05120500,0.014,0.086,0.674,0.102,0.35,0.15,0.05,-0.247
06453600,0.828,0.942,0.703,1.0,0.35,0.15,0.05,-0.269
02112360,0.982,0.977,0.81,0.985,0.35,0.15,0.05,-0.274
03165000,0.966,0.955,0.708,0.995,0.35,0.15,0.05,-0.313
02300700,0.998,0.904,0.811,0.857,0.35,0.15,0.05,-0.314
14139800,0.984,0.978,0.649,0.987,0.35,0.15,0.05,-0.327
01123000,0.994,0.885,0.7,0.113,0.35,0.15,0.05,-0.329
02038850,0.998,0.935,0.934,0.94,0.35,0.15,0.05,-0.331
13018300,0.019,0.768,0.982,0.999,0.35,0.15,0.05,-0.335
01547700,0.998,0.925,0.383,0.67,0.35,0.15,0.05,-0.341
07301500,0.012,0.188,0.599,0.102,0.35,0.15,0.05,-0.371
08189500,0.013,0.901,0.846,0.103,0.35,0.15,0.05,-0.394
05593575,0.98,0.745,0.863,0.993,0.35,0.15,0.05,-0.395
07373000,0.997,0.536,0.646,0.114,0.35,0.15,0.05,-0.396
11237500,1.0,0.415,0.702,0.112,0.35,0.15,0.05,-0.4
06353000,0.018,0.03,0.748,0.102,0.35,0.15,0.05,-0.401
05466500,0.997,0.762,0.754,0.16,0.35,0.15,0.05,-0.405
11274500,0.013,0.704,0.388,0.102,0.35,0.15,0.05,-0.406
06847900,0.011,0.28,0.425,0.102,0.35,0.15,0.05,-0.419
01440000,0.997,0.923,0.062,0.158,0.35,0.15,0.05,-0.424
11230500,0.998,0.85,0.096,0.327,0.35,0.15,0.05,-0.427
06464500,0.012,0.247,0.893,0.106,0.35,0.15,0.05,-0.427
08190500,0.013,0.849,0.361,0.102,0.35,0.15,0.05,-0.433
10249300,0.782,0.699,0.957,1.0,0.35,0.15,0.05,-0.475
03159540,0.998,0.636,0.35,0.113,0.35,0.15,0.05,-0.483
05057200,0.013,0.254,0.448,0.1,0.35,0.15,0.05,-0.486
09066200,0.909,0.994,0.425,0.999,0.35,0.15,0.05,-0.498
09047700,0.011,0.583,0.618,0.999,0.35,0.15,0.05,-0.503
09497800,0.012,0.659,0.524,0.101,0.35,0.15,0.05,-0.513
12390700,0.991,0.335,0.045,0.105,0.35,0.15,0.05,-0.553
06350000,0.011,0.146,0.613,0.102,0.35,0.15,0.05,-0.573
02053200,0.951,0.735,0.91,0.996,0.35,0.15,0.05,-0.606
08194200,0.013,0.834,0.671,0.106,0.35,0.15,0.05,-0.728
08086290,0.017,0.102,0.562,0.1,0.35,0.15,0.05,-0.8
06468170,0.014,0.041,0.291,0.103,0.35,0.15,0.05,-1.064
08190000,0.012,0.374,0.635,0.101,0.35,0.15,0.05,-1.099
08086212,0.015,0.38,0.421,0.101,0.35,0.15,0.05,-1.263
09447800,0.016,0.06,0.795,0.105,0.35,0.15,0.05,-1.446
08079600,0.015,0.341,0.482,0.102,0.35,0.15,0.05,-1.666
09480000,0.013,0.762,0.138,0.101,0.35,0.15,0.05,-1.736
06339500,0.013,0.024,0.632,0.105,0.35,0.15,0.05,-2.053
06360500,0.014,0.069,0.526,0.102,0.35,0.15,0.05,-2.678
07226500,0.012,0.166,0.759,0.105,0.35,0.15,0.05,-3.812
06354000,0.018,0.063,0.416,0.104,0.35,0.15,0.05,-4.258
06447000,0.012,0.03,0.521,0.103,0.35,0.15,0.05,-4.4
06452000,0.015,0.08,0.203,0.102,0.35,0.15,0.05,-5.914
09430500,0.014,0.077,0.288,0.1,0.35,0.15,0.05,-6.63
