like1,parKperc,parKb,parKe,parCqq,parBias,chain
-0.1561,0.2588,0.997,0.493,0.11694,-0.466,0.0
-0.2593,0.2197,0.6094,0.294,0.1329,0.1923,0.0
-0.2654,0.407,0.2052,0.854,0.4905,9.49e-05,0.0
-0.2537,0.27,0.257,0.3682,0.7773,-0.11206,0.0
0.1946,0.6646,0.01863,0.211,0.357,0.1654,0.0
-0.2245,0.2656,0.553,0.6904,0.1989,0.4548,0.0
0.3174,0.535,0.8496,0.4797,0.508,-0.03732,0.0
-0.0828,0.3225,0.8257,0.3162,0.5645,0.01138,0.0
0.03653,0.4172,0.7427,0.3716,0.8184,0.3828,0.0
-0.1375,0.09595,0.3066,0.9736,0.594,-0.4165,0.0
0.453,0.8916,0.586,0.881,0.4397,0.3857,0.0
-0.0471,0.746,0.3599,0.3713,0.749,-0.3381,0.0
-0.04602,0.608,0.4087,0.2979,0.8003,-0.261,0.0
-0.2651,0.2134,0.5576,0.7207,0.4133,0.1107,0.0
-0.06042,0.3145,0.9487,0.6084,0.649,-0.04413,0.0
-0.1348,0.284,0.8896,0.3547,0.4536,0.1545,0.0
-0.301,0.6865,0.1318,0.25,0.9336,-0.324,0.0
-0.2542,0.0948,0.685,0.861,0.609,0.2478,0.0
0.4504,0.5713,0.9116,0.978,0.4067,-0.4602,0.0
0.3506,0.6177,0.7427,0.797,0.6777,0.4343,0.0
1.298,0.916,0.946,0.7593,0.239,0.09296,0.0
0.2391,0.6875,0.5825,0.4268,0.63,0.375,0.0
-0.007397,0.9263,0.3457,0.2644,0.911,0.0499,0.0
-0.303,0.7183,0.1617,0.9233,0.2483,0.1715,0.0
0.9233,0.7607,0.9556,0.6753,0.401,-0.01317,0.0
-0.307,0.1115,0.851,0.4934,0.954,-0.1231,0.0
0.6157,0.6147,0.9863,0.3298,0.6123,0.336,0.0
-0.2915,0.0747,0.892,0.981,0.4526,-0.09625,0.0
0.762,0.877,0.7495,0.2747,0.915,0.4526,0.0
-0.01854,0.3767,0.7563,0.528,0.3142,0.03494,0.0
0.918,0.75,0.9644,0.7,0.582,-0.4907,0.0
-0.2966,0.735,0.1757,0.2068,0.2603,0.3928,0.0
-0.2915,0.1664,0.5913,0.4304,0.213,0.1914,0.0
-0.1454,0.4312,0.42,0.708,0.6655,0.4758,0.0
-0.2412,0.3457,0.1484,0.64,0.809,-0.3777,0.0
0.0654,0.833,0.4065,0.2693,0.6143,0.4363,0.0
0.621,0.02223,0.6304,0.4675,0.65,-0.1353,0.0
0.7573,0.739,0.881,0.5786,0.919,-0.4656,0.0
0.06964,0.9834,0.3713,0.602,0.927,-0.0931,0.0
-0.1631,0.4316,0.3916,0.8853,0.285,0.3252,0.0
0.705,0.934,0.6826,0.5254,0.1164,0.3845,0.0
-0.10535,0.00883,0.42,0.9185,0.1378,-0.0651,0.0
-0.006256,0.535,0.4934,0.9727,0.434,0.1908,0.0
0.7153,0.7427,0.8545,0.6094,0.65,0.3733,0.0
0.06152,0.4905,0.6226,0.2183,0.8926,0.04865,0.0
-0.2008,0.2593,0.7344,0.2861,0.2201,-0.176,0.0
-0.3203,0.87,0.1453,0.3096,0.2499,0.4934,0.0
0.3152,0.9434,0.4978,0.9624,0.4673,0.3555,0.0
0.5596,0.04065,0.7983,0.8604,0.6587,0.0947,0.0
0.2351,0.4495,0.977,0.8394,0.985,0.1132,0.0
0.5537,0.799,0.6963,0.3733,0.6387,-0.1045,0.0
0.1705,0.5815,0.6216,0.4194,0.548,0.2234,0.0
-0.0304,0.4873,0.5107,0.978,0.391,-0.0709,0.0
1.024,0.8706,0.8765,0.87,0.1915,-0.1458,0.0
1.393,0.014404,0.9653,0.726,0.9077,-0.0562,0.0
0.151,0.6094,0.5728,0.7236,0.4866,-0.2175,0.0
-0.2107,0.4658,0.2993,0.6636,0.1833,-0.4382,0.0
-0.274,0.1744,0.4495,0.6445,0.2446,-0.0213,0.0
0.295,0.675,0.633,0.85,0.5425,0.304,0.0
-0.083,0.403,0.5576,0.903,0.3271,0.2725,0.0
0.1217,0.878,0.4233,0.4746,0.754,0.282,0.0
-0.2861,0.1876,0.872,0.4934,0.1761,0.4365,0.0
0.265,0.8413,0.512,0.4792,0.8525,0.3833,0.0
-0.01656,0.7695,0.373,0.278,0.9644,-0.3127,0.0
-0.213,0.3599,0.3564,0.951,0.64,-0.482,0.0
0.1311,0.546,0.622,0.2235,0.637,-0.2084,0.0
-0.04608,0.756,0.359,0.877,0.6104,-0.04135,0.0
-0.2378,0.922,0.2184,0.98,0.6895,-0.2196,0.0
-0.2925,0.653,0.1741,0.2012,0.7607,-0.06854,0.0
-0.01197,0.6553,0.4133,0.768,0.7812,-0.4258,0.0
0.1666,0.457,0.843,0.5933,0.4695,0.03114,0.0
0.0933,0.08966,0.1053,0.5356,0.6143,0.3975,0.0
0.0542,0.7803,0.4158,0.2676,0.8506,0.422,0.0
-0.02614,0.3123,0.0666,0.8164,0.558,0.3928,0.0
-0.2632,0.2173,0.55,0.4985,0.4817,0.1951,0.0
-0.2568,0.613,0.2206,0.638,0.428,-0.1678,0.0
-0.1903,0.4202,0.3528,0.3667,0.3398,-0.4128,0.0
-0.2585,0.2035,0.3289,0.718,0.891,0.4773,0.0
0.0559,0.083,0.03525,0.3103,0.71,-0.1241,0.0
-0.204,0.7793,0.2527,0.519,0.5693,-0.03204,0.0
-0.2566,0.2396,0.3315,0.635,0.2362,0.02087,0.0
-0.2944,0.6724,0.1732,0.3628,0.1114,0.114,0.0
0.0616,0.2563,0.05807,0.9395,0.528,0.441,0.0
-0.1217,0.1284,0.1929,0.3809,0.2566,0.02695,0.0
-0.1167,0.5815,0.359,0.703,0.2202,-0.2252,0.0
0.0227,0.588,0.4817,0.986,0.8076,0.3508,0.0
0.661,0.7627,0.793,0.4016,0.689,-0.363,0.0
-0.2069,0.8525,0.2455,0.3474,0.624,0.3994,0.0
0.3855,0.05515,0.4875,0.532,0.825,0.1865,0.0
1.345,0.03029,0.5527,0.7524,0.985,-0.1527,0.0
0.1547,0.6274,0.5605,0.534,0.4436,-0.1787,0.0
0.3875,0.7476,0.6377,0.5576,0.4954,0.42,0.0
-0.1653,0.213,0.1431,0.2754,0.523,-0.2112,0.0
-0.2229,0.295,0.1483,0.627,0.3984,0.4053,0.0
0.2347,0.7593,0.01256,0.569,0.34,0.1356,0.0
0.1992,0.8213,0.4834,0.9233,0.74,0.215,0.0
-0.3127,0.11743,0.853,0.5674,0.23,-0.0831,0.0
-0.1401,0.1155,0.2405,0.443,0.1481,-0.4316,0.0
0.3032,0.557,0.7866,0.316,0.9897,-0.3105,0.0
-0.0549,0.925,0.04565,0.2175,0.2524,-0.004807,0.0
-0.0783,0.3025,0.9805,0.58,0.889,0.366,0.0
-0.2578,0.3342,0.2379,0.84,0.5845,0.3728,0.0
0.689,0.9497,0.666,0.3464,0.917,0.385,0.0
-0.2876,0.0827,0.857,0.3193,0.3076,0.02948,0.0
0.617,0.7476,0.781,0.3955,0.2284,-0.4663,0.0
-0.2067,0.1582,0.2451,0.699,0.4282,0.3267,0.0
-0.3203,0.1301,0.8804,0.5386,0.843,-0.3923,0.0
0.5835,0.7593,0.7476,0.7515,0.3906,-0.3005,0.0
-0.1344,0.0894,0.31,0.5405,0.2241,-0.03635,0.0
-0.2993,0.1708,0.7725,0.75,0.627,-0.15,0.0
-0.2136,0.0648,0.937,0.3008,0.445,-0.02582,0.0
-0.1586,0.10364,0.3074,0.2595,0.389,0.3328,0.0
1.379,0.9395,0.9517,0.926,0.745,0.353,0.0
0.2793,0.693,0.604,0.3901,0.579,-0.1167,0.0
-0.2844,0.7153,0.1897,0.983,0.6885,0.4075,0.0
-0.0717,0.05646,0.876,0.2051,0.4382,0.05634,0.0
0.6743,0.05014,0.4976,0.4292,0.934,0.4263,0.0
0.05365,0.719,0.0366,0.9863,0.55,0.3047,0.0
-0.05313,0.3696,0.7085,0.4197,0.326,0.486,0.0
-0.2922,0.6826,0.1748,0.732,0.4917,-0.4116,0.0
0.1884,0.875,0.4595,0.2632,0.3518,0.4192,0.0
-0.3145,0.1189,0.8584,0.3965,0.51,0.0532,0.0
1.349,0.02417,0.3367,0.276,0.9336,-0.267,0.0
0.02563,0.529,0.5283,0.576,0.8306,-0.4387,0.0
-0.1796,0.1141,0.3044,0.4563,0.2803,0.1304,0.0
-0.03644,0.3372,0.8926,0.8267,0.87,0.2944,0.0
0.4192,0.8413,0.595,0.7056,0.1937,0.4514,0.0
0.3242,0.6084,0.73,0.2756,0.2157,0.04996,0.0
-0.2118,0.2524,0.735,0.634,0.6045,0.291,0.0
-0.0462,0.0542,0.5327,0.607,0.4456,-0.1033,0.0
0.652,0.638,0.966,0.3792,0.565,-0.2441,0.0
-0.291,0.0937,0.9507,0.549,0.955,-0.4802,0.0
0.4666,0.02077,0.876,0.993,0.5854,0.03955,0.0
-0.12054,0.3489,0.607,0.4995,0.6616,0.1873,0.0
-0.0611,0.8374,0.04794,0.888,0.4055,-0.2139,0.0
0.09717,0.5225,0.6206,0.822,0.919,0.4424,0.0
-0.2217,0.291,0.4514,0.2498,0.9355,-0.1477,0.0
-0.2201,0.3442,0.1277,0.6997,0.3804,-0.0788,0.0
-0.2189,0.4077,0.3108,0.712,0.3518,-0.47,0.0
-0.1549,0.7983,0.284,0.617,0.2228,0.2964,0.0
0.3315,0.9497,0.5015,0.9883,0.2158,-0.1046,0.0
-0.2898,0.1815,0.9873,0.43,0.5815,0.2479,0.0
-0.2883,0.1842,0.7114,0.3745,0.6934,0.05682,0.0
-0.2104,0.2372,0.919,0.308,0.641,0.1481,0.0
0.002913,0.4417,0.6245,0.437,0.106,-0.00471,0.0
-0.217,0.12415,0.3474,0.566,0.5522,0.2651,0.0
-0.248,0.2708,0.3499,0.8506,0.1921,-0.328,0.0
0.8667,0.8413,0.827,0.731,0.8267,-0.471,0.0
-0.2118,0.2627,0.6333,0.3354,0.6895,-0.2172,0.0
0.2283,0.3591,0.01628,0.8,0.3784,-0.4573,0.0
0.4333,0.6133,0.824,0.2766,0.2247,0.2832,0.0
0.3003,0.7046,0.609,0.611,0.9097,-0.1985,0.0
-0.2357,0.571,0.2466,0.2854,0.784,-0.443,0.0
-0.2576,0.2217,0.6216,0.967,0.3313,0.4404,0.0
0.4333,0.8564,0.5933,0.9785,0.26,0.1981,0.0
0.3394,0.1401,0.0407,0.8013,0.3345,-0.3232,0.0
0.7705,0.9087,0.7266,0.388,0.2239,-0.1854,0.0
0.253,0.5,0.8516,0.2059,0.2334,0.01775,0.0
-0.279,0.7334,0.1029,0.2484,0.945,0.1489,0.0
0.7305,0.783,0.8135,0.3154,0.5913,-0.3047,0.0
-0.293,0.1787,0.854,0.6094,0.624,-0.3503,0.0
-0.2847,0.6694,0.1877,0.4644,0.711,0.06046,0.0
0.4043,0.299,0.0101,0.3555,0.858,0.01866,0.0
-0.2788,0.1956,0.809,0.3992,0.785,0.494,0.0
-0.2307,0.4724,0.2751,0.3416,0.8066,0.4697,0.0
-0.2983,0.0724,0.6045,0.9277,0.3225,0.126,0.0
0.3772,0.8735,0.5566,0.5034,0.5356,0.3582,0.0
0.5303,0.864,0.638,0.834,0.6543,-0.1383,0.0
-0.122,0.1705,0.1439,0.773,0.566,0.05685,0.0
0.6343,0.854,0.7017,0.2065,0.6655,0.3423,0.0
-0.038,0.4453,0.5527,0.9077,0.64,-0.36,0.0
-0.1921,0.845,0.2544,0.2776,0.847,0.06635,0.0
-0.2198,0.3552,0.3486,0.7476,0.3953,-0.1235,0.0
0.1366,0.685,0.508,0.655,0.469,-0.05865,0.0
-0.1903,0.3782,0.3926,0.4165,0.6953,0.01903,0.0
-0.257,0.2247,0.521,0.5933,0.997,-0.2646,0.0
-0.0729,0.385,0.609,0.8022,0.611,-0.3438,0.0
-0.2296,0.3364,0.3413,0.7256,0.3208,-0.12396,0.0
-0.007046,0.3406,0.957,0.274,0.6987,0.1298,0.0
0.2272,0.4658,0.912,0.3052,0.772,0.1543,0.0
-0.1718,0.286,0.6924,0.8203,0.3254,-0.237,0.0
-0.2053,0.8843,0.241,0.78,0.8896,-0.3882,0.0
-0.307,0.1592,0.792,0.9595,0.3323,-0.3887,0.0
0.2368,0.3904,0.01918,0.32,0.4136,-0.4778,0.0
-0.1389,0.2993,0.75,0.2045,0.653,-0.3909,0.0
0.2966,0.175,0.0386,0.3203,0.1138,0.261,0.0
-0.2756,0.512,0.1902,0.872,0.8667,-0.2664,0.0
1.203,0.916,0.91,0.7227,0.959,0.3398,0.0
-0.2139,0.1968,0.2079,0.4597,0.9204,-0.2107,0.0
-0.1923,0.923,0.2457,0.3735,0.679,-0.4387,0.0
-0.07837,0.3118,0.8955,0.785,0.4072,-0.419,0.0
-0.301,0.732,0.11957,0.6484,0.9556,0.4482,0.0
-0.2856,0.1849,0.9087,0.395,0.72,-0.3386,0.0
-0.04428,0.2152,0.08905,0.552,0.4614,-0.06915,0.0
-0.1433,0.3215,0.6333,0.5005,0.6523,0.00556,0.0
0.255,0.3386,0.0249,0.898,0.79,0.0893,0.0
-0.1805,0.5083,0.3213,0.728,0.3076,-0.4844,0.0
-0.2554,0.2996,0.2427,0.3218,0.8877,-0.0178,0.0
-0.2258,0.2625,0.549,0.3306,0.4866,-0.083,0.0
-0.2307,0.2651,0.4878,0.882,0.143,-0.477,0.0
0.628,0.9585,0.6333,0.4807,0.2778,0.1946,0.0
0.606,0.6367,0.929,0.703,0.7656,-0.3394,0.0
0.6846,0.6807,0.9175,0.357,0.875,-0.2191,0.0
0.1715,0.983,0.4172,0.3118,0.4028,-0.4888,0.0
0.127,0.2197,0.0533,0.369,0.1357,-0.1858,0.0
-0.2444,0.35,0.2908,0.808,0.1674,0.3306,0.0
1.153,0.94,0.8677,0.2179,0.2406,0.1301,0.0
-0.1344,0.4106,0.459,0.762,0.9604,0.4048,0.0
0.535,0.6978,0.788,0.2712,0.3215,0.4736,0.0
-0.1946,0.2854,0.5957,0.8174,0.1858,-0.02069,0.0
-0.1581,0.2842,0.1094,0.857,0.2295,0.1389,0.0
-0.274,0.9224,0.1947,0.953,0.576,0.1207,0.0
0.1406,0.4805,0.7495,0.5796,0.1763,0.475,0.0
-0.2893,0.1846,0.806,0.8574,0.3142,0.2854,0.0
-0.0422,0.3726,0.7095,0.892,0.456,-0.3965,0.0
0.626,0.6206,0.9766,0.5527,0.407,-0.3923,0.0
0.8657,0.7417,0.947,0.8145,0.3455,-0.184,0.0
-0.229,0.4631,0.1074,0.959,0.4023,0.069,0.0
-0.1228,0.5444,0.06744,0.4924,0.908,-0.346,0.0
-0.2844,0.1129,0.6763,0.665,0.7812,-0.1874,0.0
0.08466,0.8745,0.4023,0.7183,0.565,-0.3357,0.0
0.564,0.7065,0.791,0.8047,0.5435,-0.4534,0.0
0.0679,0.4045,0.8354,0.8403,0.2117,-0.1102,0.0
-0.252,0.4539,0.12445,0.625,0.534,0.1765,0.0
-0.1942,0.0745,0.4785,0.3354,0.9463,0.2333,0.0
-0.311,0.1375,0.7666,0.5093,0.576,-0.4922,0.0
0.1809,0.993,0.4211,0.4915,0.2445,0.1797,0.0
-0.1838,0.7163,0.07214,0.214,0.1407,0.1481,0.0
-0.302,0.9062,0.17,0.3513,0.2412,-0.3225,0.0
0.79,0.684,0.989,0.414,0.5073,-0.1833,0.0
-0.136,0.75,0.3005,0.986,0.1396,-0.431,0.0
-0.1774,0.9897,0.2489,0.945,0.8306,-0.108,0.0
0.0908,0.954,0.3872,0.94,0.778,-0.0576,0.0
-0.1976,0.2683,0.684,0.8657,0.3445,0.03069,0.0
-0.2546,0.2883,0.2485,0.313,0.4314,-0.04495,0.0
-0.2634,0.427,0.1469,0.806,0.874,0.1526,0.0
-0.3267,0.1271,0.97,0.297,0.6787,-0.02484,0.0
0.4238,0.934,0.552,0.501,0.4946,0.1825,0.0
-0.00871,0.939,0.3418,0.939,0.9556,-0.08405,0.0
-0.2396,0.2306,0.7036,0.941,0.5493,-0.279,0.0
0.245,0.5947,0.677,0.5405,0.3374,0.3877,0.0
-0.2698,0.2039,0.6353,0.954,0.918,-0.298,0.0
-0.1715,0.315,0.5586,0.419,0.4194,-0.3706,0.0
0.1718,0.489,0.766,0.983,0.5547,-0.1453,0.0
0.9863,0.86,0.8687,0.7075,0.843,-0.389,0.0
0.296,0.0416,0.3328,0.2778,0.556,0.03894,0.0
-0.2876,0.1776,0.612,0.3086,0.81,-0.2275,0.0
-0.0686,0.7954,0.3372,0.2834,0.865,0.1256,0.0
-0.2708,0.4465,0.1936,0.3113,0.59,-0.1766,0.0
0.176,0.9194,0.4387,0.8745,0.10187,0.364,0.0
0.4885,0.58,0.94,0.9214,0.385,0.4763,0.0
0.005722,0.04202,0.4307,0.4739,0.4346,-0.1307,0.0
-0.1819,0.088,0.4092,0.9116,0.2211,-0.2622,0.0
0.12274,0.5146,0.659,0.4478,0.792,0.088,0.0
-0.147,0.3574,0.5195,0.2473,0.1624,0.07385,0.0
-0.3264,0.1346,0.9517,0.364,0.9756,0.273,0.0
0.2065,0.01424,0.3928,0.2051,0.4282,0.3242,0.0
-0.2437,0.2605,0.436,0.554,0.744,0.11346,0.0
-0.2932,0.88,0.09985,0.2798,0.1203,0.01697,0.0
-0.2141,0.5503,0.2751,0.8135,0.6367,0.009674,0.0
0.551,0.627,0.9023,0.257,0.638,-0.06366,0.0
-0.2556,0.3083,0.2236,0.3413,0.4226,-0.1201,0.0
-0.2542,0.2189,0.2957,0.4194,0.10266,0.1252,0.0
-0.03995,0.1824,0.0998,0.51,0.2986,-0.4783,0.0
0.07025,0.5273,0.5815,0.3193,0.1929,-0.0527,0.0
0.719,0.67,0.9585,0.613,0.727,-0.4932,0.0
0.01852,0.4077,0.7305,0.4436,0.8135,-0.1421,0.0
-0.1847,0.329,0.4775,0.875,0.7144,-0.38,0.0
0.0219,0.703,0.4207,0.9917,0.6597,0.1613,0.0
0.0793,0.4434,0.7456,0.8403,0.883,0.4702,0.0
-0.2605,0.4534,0.2235,0.7783,0.296,-0.01971,0.0
0.1866,0.6064,0.612,0.3403,0.6514,0.4578,0.0
-0.001532,0.605,0.4463,0.9526,0.945,-0.3076,0.0
-0.1184,0.1019,0.2532,0.8066,0.7964,0.1869,0.0
-0.2812,0.174,0.504,0.3071,0.2886,0.1635,0.0
-0.2805,0.1044,0.731,0.639,0.8066,-0.3845,0.0
-0.05023,0.97,0.3176,0.599,0.7056,0.297,0.0
-0.04678,0.00991,0.3696,0.4956,0.2546,0.2686,0.0
0.2715,0.5703,0.734,0.2664,0.2627,-0.01466,0.0
0.718,0.6567,0.989,0.4763,0.7456,0.411,0.0
1.424,0.93,0.9775,0.3674,0.917,0.4497,0.0
0.0731,0.5864,0.525,0.793,0.1247,-0.0672,0.0
-0.05875,0.4082,0.5854,0.3699,0.8403,-0.326,0.0
-0.11676,0.634,0.3418,0.3625,0.177,-0.2229,0.0
0.606,0.661,0.888,0.3909,0.4695,-0.2717,0.0
0.499,0.6777,0.7812,0.513,0.284,-0.1764,0.0
0.6987,0.02187,0.1338,0.2185,0.682,0.1401,0.0
0.42,0.6943,0.706,0.837,0.55,0.3015,0.0
0.0713,0.4753,0.664,0.3215,0.10626,0.3801,0.0
-0.2257,0.2286,0.1976,0.2045,0.253,-0.392,0.0
0.3276,0.5176,0.9014,0.2634,0.701,-0.1957,0.0
0.7764,0.723,0.919,0.3005,0.5474,0.0512,0.0
-0.253,0.2129,0.869,0.933,0.741,0.3362,0.0
-0.2703,0.2019,0.7593,0.3838,0.2473,-0.2126,0.0
-0.2379,0.566,0.2483,0.8247,0.812,0.4072,0.0
0.9897,0.884,0.8506,0.856,0.1921,0.3335,0.0
-0.0508,0.3284,0.9014,0.825,0.8164,0.4233,0.0
-0.2993,0.1749,0.9263,0.3179,0.872,0.305,0.0
-0.0678,0.448,0.511,0.922,0.9937,0.2399,0.0
-0.263,0.2166,0.6,0.2722,0.811,0.3083,0.0
-0.2568,0.383,0.157,0.898,0.5195,-0.3945,0.0
0.332,0.491,0.981,0.4297,0.262,-0.1989,0.0
-0.1843,0.8574,0.2578,0.505,0.4268,0.03305,0.0
-0.05304,0.6787,0.0506,0.4531,0.2932,-0.04028,0.0
0.2551,0.535,0.777,0.635,0.6797,0.03235,0.0
-0.1362,0.5605,0.3484,0.741,0.7876,-0.2957,0.0
-0.2412,0.4724,0.2583,0.838,0.6035,0.3572,0.0
-0.007763,0.6694,0.4114,0.6074,0.2036,-0.3054,0.0
0.2898,0.2303,0.01224,0.719,0.2056,0.4392,0.0
0.2194,0.5444,0.721,0.925,0.647,0.1273,0.0
-0.1298,0.543,0.3667,0.2886,0.6553,0.4602,0.0
-0.1964,0.0716,0.5586,0.827,0.771,0.1322,0.0
-0.2244,0.5435,0.2651,0.2788,0.3284,-0.0626,0.0
0.00951,0.4785,0.5703,0.7036,0.546,-0.2764,0.0
-0.3003,0.03912,0.9673,0.8247,0.2485,-0.2979,0.0
-0.2412,0.2395,0.6035,0.797,0.481,0.1942,0.0
-0.002134,0.683,0.4126,0.6865,0.3667,0.3022,0.0
-0.2478,0.2424,0.2423,0.529,0.9688,-0.03183,0.0
-0.0529,0.8096,0.342,0.704,0.1153,-0.2041,0.0
-0.0861,0.774,0.3315,0.9976,0.4998,0.4143,0.0
-0.0823,0.521,0.4243,0.6377,0.561,-0.01149,0.0
-0.2588,0.2223,0.5825,0.6523,0.651,0.3594,0.0
0.6157,0.993,0.611,0.982,0.703,0.387,0.0
-0.2441,0.4014,0.2646,0.7227,0.9243,-0.3164,0.0
-0.2399,0.09436,0.618,0.649,0.1602,0.0374,0.0
0.511,0.8115,0.663,0.3052,0.688,-0.04623,0.0
-0.2335,0.2507,0.5654,0.51,0.1616,-0.157,0.0
-0.3123,0.1359,0.7686,0.9863,0.2299,0.1387,0.0
-0.1326,0.1095,0.247,0.9805,0.772,0.3918,0.0
-0.0563,0.658,0.05167,0.8076,0.809,0.1426,0.0
-0.2179,0.3176,0.1346,0.4692,0.4424,0.1025,0.0
0.07056,0.8394,0.03275,0.986,0.827,-0.2666,0.0
-0.2566,0.2051,0.941,0.6626,0.957,-0.3,0.0
-0.176,0.3076,0.1116,0.4827,0.7104,-0.2307,0.0
0.3162,0.541,0.8384,0.924,0.9873,0.4668,0.0
0.3413,0.4944,0.982,0.643,0.6167,-0.2922,0.0
-0.1627,0.664,0.3005,0.2065,0.791,0.2988,0.0
0.5425,0.871,0.6387,0.901,0.6543,-0.362,0.0
0.7485,0.7344,0.8823,0.5195,0.501,-0.2318,0.0
0.3303,0.506,0.942,0.7827,0.5225,0.385,0.0
0.8647,0.9834,0.7183,0.3252,0.9536,-0.1515,0.0
0.1226,0.501,0.682,0.814,0.1554,0.1287,0.0
0.869,0.77,0.915,0.624,0.4268,0.4075,0.0
0.03513,0.474,0.6147,0.817,0.4167,0.2401,0.0
-0.2698,0.1956,0.949,0.86,0.524,-0.2988,0.0
0.0229,0.4766,0.593,0.7344,0.58,0.01277,0.0
-0.2603,0.926,0.2045,0.253,0.1431,-0.03119,0.0
0.2866,0.1951,0.03656,0.526,0.141,-0.02998,0.0
0.0769,0.6816,0.466,0.496,0.804,-0.355,0.0
0.02171,0.5435,0.04495,0.3372,0.4124,-0.3154,0.0
0.941,0.04025,0.7163,0.5264,0.8784,0.1149,0.0
-0.08105,0.4883,0.0627,0.7314,0.8975,-0.458,0.0
0.282,0.1084,0.01694,0.3726,0.8276,-0.4941,0.0
-0.2954,0.8804,0.10095,0.891,0.1315,0.07654,0.0
-0.05875,0.5312,0.4443,0.7524,0.998,0.4023,0.0
0.2123,0.2319,0.04056,0.8457,0.8457,-0.11224,0.0
0.01009,0.1891,0.0827,0.4915,0.2568,-0.2311,0.0
-0.2241,0.2318,0.1914,0.6387,0.4714,-0.058,0.0
0.3013,0.842,0.5317,0.7197,0.7676,0.4475,0.0
0.9575,0.9873,0.7505,0.5024,0.4678,-0.4758,0.0
-0.09985,0.644,0.3513,0.5923,0.9253,-0.3147,0.0
0.01999,0.9805,0.3503,0.243,0.8057,0.3953,0.0
-0.282,0.533,0.142,0.4224,0.4622,-0.1536,0.0
-0.314,0.1532,0.8564,0.6963,0.1656,-0.2241,0.0
-0.2429,0.7275,0.2262,0.675,0.99,-0.3347,0.0
-0.1818,0.2712,0.747,0.4087,0.718,-0.1599,0.0
0.3752,0.5366,0.9185,0.344,0.4182,0.4775,0.0
-0.1417,0.4043,0.4485,0.3845,0.692,-0.3174,0.0
-0.0711,0.7827,0.339,0.4763,0.969,0.3408,0.0
0.4097,0.8394,0.592,0.2676,0.2622,0.4182,0.0
0.357,0.5195,0.939,0.2786,0.9507,0.3896,0.0
0.2439,0.825,0.5044,0.627,0.6064,-0.2842,0.0
0.004745,0.411,0.696,0.516,0.537,-0.1343,0.0
-0.02779,0.4275,0.6055,0.944,0.673,0.3147,0.0
-0.2029,0.4905,0.09265,0.3345,0.4253,-0.2062,0.0
-0.2344,0.3757,0.2966,0.4666,0.3875,-0.415,0.0
-0.1472,0.743,0.2964,0.976,0.7495,0.1748,0.0
-0.2318,0.1779,0.2646,0.885,0.4795,0.4167,0.0
-0.2598,0.724,0.0943,0.3804,0.1859,0.1576,0.0
0.831,0.9297,0.7393,0.7695,0.629,-0.0465,0.0
-0.1647,0.9365,0.261,0.5903,0.4617,-0.0804,0.0
-0.2666,0.1755,0.3972,0.21,0.3845,0.1309,0.0
-0.2085,0.0673,0.02133,0.8877,0.2708,-0.04388,0.0
-0.05762,0.3477,0.778,0.857,0.1932,0.2122,0.0
-0.1797,0.3281,0.5034,0.3132,0.664,0.1344,0.0
-0.0731,0.974,0.3054,0.871,0.6333,0.2438,0.0
-0.11285,0.6064,0.06256,0.642,0.751,-0.1686,0.0
0.9575,0.8447,0.872,0.977,0.5386,0.02525,0.0
0.2091,0.703,0.5493,0.7925,0.9746,0.2703,0.0
-0.0656,0.4873,0.4683,0.6567,0.1371,-0.1833,0.0
0.238,0.4575,0.959,0.3833,0.874,0.4272,0.0
0.3599,0.7124,0.6475,0.514,0.2098,0.3562,0.0
-0.3198,0.1288,0.8647,0.889,0.7896,0.11035,0.0
-0.2583,0.354,0.179,0.8765,0.4583,0.05557,0.0
0.04373,0.6226,0.4731,0.2152,0.5923,-0.432,0.0
-0.2239,0.2754,0.1614,0.9424,0.5947,-0.4534,0.0
-0.3,0.6514,0.1554,0.5464,0.8125,0.2124,0.0
-0.0712,0.06757,0.3196,0.65,0.8843,0.03793,0.0
-0.2207,0.2837,0.1521,0.272,0.7607,-0.1019,0.0
-0.3037,0.1635,0.7373,0.5186,0.1544,0.2385,0.0
-0.2744,0.04877,0.1384,0.795,0.3237,0.3813,0.0
-0.078,0.959,0.304,0.5864,0.571,-0.09534,0.0
-0.3074,0.1621,0.86,0.7754,0.2722,-0.4663,0.0
0.2354,0.689,0.5737,0.7056,0.4487,-0.425,0.0
0.44,0.03683,0.4243,0.661,0.5986,0.2449,0.0
-0.0922,0.306,0.8857,0.991,0.74,-0.3557,0.0
-0.2593,0.368,0.1747,0.384,0.5947,-0.4429,0.0
-0.266,0.9634,0.1976,0.5464,0.2021,-0.3723,0.0
-0.042,0.4346,0.57,0.667,0.5195,0.2246,0.0
0.3464,0.554,0.8394,0.769,0.1478,-0.194,0.0
-0.2117,0.775,0.0763,0.9434,0.961,0.3994,0.0
-0.3062,0.8296,0.1131,0.6724,0.1782,-0.1448,0.0
-0.3013,0.03668,0.608,0.526,0.1881,0.4265,0.0
-0.2294,0.1418,0.3257,0.6045,0.1482,0.3005,0.0
-0.1738,0.5483,0.317,0.2194,0.798,-0.2527,0.0
0.01729,0.1293,0.1118,0.2166,0.2417,0.0239,0.0
-0.1627,0.923,0.263,0.3198,0.1498,-0.3389,0.0
-0.2479,0.2438,0.2439,0.866,0.2925,-0.1498,0.0
0.12195,0.6274,0.5337,0.4607,0.8296,-0.333,0.0
0.7407,0.7915,0.8125,0.874,0.1421,0.2063,0.0
0.004726,0.11224,0.1345,0.8535,0.8286,0.2505,0.0
-0.2659,0.6387,0.2122,0.528,0.8276,0.46,0.0
-0.2634,0.3706,0.1964,0.9487,0.4321,0.2169,0.0
-0.2191,0.4753,0.1008,0.6313,0.3875,0.1835,0.0
-0.03632,0.04974,0.4084,0.6943,0.4377,0.4084,0.0
0.07446,0.529,0.586,0.628,0.419,0.228,0.0
-0.005806,0.3804,0.774,0.2129,0.485,0.1427,0.0
0.0956,0.6777,0.4836,0.501,0.405,0.0751,0.0
-0.2076,0.05017,0.1372,0.663,0.1022,0.3079,0.0
0.3438,0.1398,0.02194,0.2107,0.803,-0.351,0.0
-0.1299,0.6035,0.3408,0.2455,0.8857,-0.11707,0.0
-0.26,0.2222,0.3557,0.2917,0.756,0.01016,0.0
0.131,0.883,0.4236,0.6177,0.8887,-0.4573,0.0
-0.1055,0.757,0.32,0.62,0.3967,-0.297,0.0
0.1676,0.4485,0.87,0.2622,0.6523,-0.003014,0.0
-0.1013,0.2386,0.1001,0.4097,0.808,-0.01813,0.0
0.01611,0.816,0.03894,0.616,0.2664,0.2798,0.0
0.2247,0.79,0.511,0.6914,0.52,0.1326,0.0
-0.2421,0.79,0.226,0.4036,0.4084,0.4329,0.0
-0.3203,0.1495,0.9087,0.4004,0.6426,0.469,0.0
-0.1212,0.8086,0.3032,0.8784,0.4858,0.3066,0.0
0.7046,0.7075,0.895,0.5874,0.6885,0.4177,0.0
0.03995,0.7026,0.4338,0.652,0.8745,0.2654,0.0
-0.2573,0.4739,0.125,0.7964,0.2094,-0.0666,0.0
-0.3193,0.1421,0.8647,0.9478,0.348,0.02744,0.0
0.0823,0.6377,0.4949,0.621,0.6704,-0.316,0.0
-0.2944,0.715,0.1156,0.8804,0.5957,0.3306,0.0
0.2683,0.9966,0.459,0.2764,0.8364,0.0544,0.0
0.01176,0.3623,0.879,0.9795,0.531,-0.457,0.0
-0.2646,0.3887,0.1881,0.2324,0.316,-0.3555,0.0
0.5884,0.8267,0.693,0.9146,0.7935,-0.3638,0.0
-0.2183,0.5317,0.2756,0.91,0.7324,0.305,0.0
0.6416,0.6943,0.8657,0.99,0.7397,0.005707,0.0
-0.0695,0.341,0.772,0.2593,0.1696,-0.003633,0.0
0.765,0.862,0.7593,0.776,0.1182,-0.1193,0.0
-0.0413,0.367,0.7427,0.4395,0.271,0.2793,0.0
0.4631,0.757,0.6743,0.9844,0.1913,-0.2024,0.0
-0.01965,0.0463,0.777,0.4775,0.417,-0.3066,0.0
-0.2141,0.135,0.309,0.7876,0.848,-0.1309,0.0
-0.2196,0.0797,0.4287,0.9614,0.7905,0.2031,0.0
-0.0813,0.9136,0.31,0.678,0.2832,0.32,0.0
0.01614,0.86,0.03824,0.2098,0.8145,0.2708,0.0
0.04495,0.10046,0.1317,0.8853,0.3472,-0.4368,0.0
-0.01999,0.3857,0.7144,0.697,0.2676,-0.482,0.0
-0.252,0.2295,0.581,0.9077,0.7188,0.177,0.0
0.3542,0.627,0.729,0.918,0.976,-0.1437,0.0
-0.0491,0.3762,0.684,0.84,0.116,-0.3167,0.0
-0.237,0.3547,0.301,0.7705,0.9355,-0.444,0.0
0.03708,0.2354,0.0656,0.3767,0.708,-0.1566,0.0
-0.0833,0.1368,0.1523,0.689,0.7793,0.0927,0.0
-0.286,0.847,0.0978,0.7407,0.766,0.414,0.0
0.507,0.9785,0.5693,0.726,0.916,-0.1381,0.0
-0.00852,0.3772,0.7764,0.2244,0.7896,-0.077,0.0
0.01058,0.614,0.4543,0.6064,0.4114,0.1719,0.0
0.3047,0.4834,0.9663,0.3425,0.587,-0.2231,0.0
0.6294,0.89,0.6704,0.2783,0.991,-0.4355,0.0
0.3184,0.988,0.483,0.5737,0.775,-0.1458,0.0
-0.1611,0.533,0.3357,0.9717,0.525,0.06204,0.0
0.06714,0.5522,0.03925,0.2693,0.769,-0.172,0.0
-0.2605,0.9,0.2069,0.3315,0.616,0.4978,0.0
0.008644,0.922,0.3552,0.7217,0.6187,0.3838,0.0
0.366,0.654,0.709,0.6196,0.876,0.2588,0.0
-0.2192,0.362,0.3484,0.3347,0.882,0.1918,0.0
0.12067,0.5815,0.574,0.694,0.3494,0.129,0.0
-0.2798,0.9307,0.0909,0.762,0.792,0.4163,0.0
0.764,0.847,0.771,0.637,0.2888,-0.1133,0.0
-0.1699,0.538,0.323,0.978,0.3064,-0.2898,0.0
-0.2367,0.02644,0.737,0.3662,0.1821,-0.407,0.0
-0.1785,0.2822,0.686,0.817,0.1211,-0.1287,0.0
-0.1863,0.3906,0.3906,0.58,0.359,0.3606,0.0
-0.2408,0.3857,0.132,0.4255,0.4348,0.3994,0.0
-0.3147,0.787,0.1365,0.6616,0.8086,0.3074,0.0
-0.1766,0.5615,0.3105,0.974,0.778,-0.002785,0.0
-0.318,0.1263,0.864,0.9272,0.1648,-0.2605,0.0
0.0837,0.76,0.4395,0.789,0.7114,0.2522,0.0
0.2793,0.4756,0.9546,0.7285,0.67,-0.1267,0.0
0.1893,0.6387,0.58,0.2488,0.3481,-0.1625,0.0
0.2235,0.644,0.601,0.458,0.1826,-0.3953,0.0
0.2512,0.5493,0.7495,0.6304,0.2827,0.313,0.0
-0.1896,0.3076,0.527,0.955,0.1741,0.0435,0.0
-0.2551,0.4446,0.1309,0.909,0.5957,-0.4988,0.0
-0.268,0.1837,0.4075,0.2437,0.7686,-0.06854,0.0
0.0798,0.5967,0.5225,0.8794,0.1968,-0.0802,0.0
-0.1627,0.3865,0.4402,0.2517,0.74,0.3364,0.0
-0.1685,0.41,0.4033,0.8613,0.2927,0.4417,0.0
-0.2627,0.0998,0.674,0.2313,0.5337,-0.2345,0.0
-0.292,0.08466,0.9297,0.9736,0.302,0.4067,0.0
0.1998,0.9385,0.4426,0.379,0.1084,-0.2935,0.0
0.2734,0.847,0.5137,0.673,0.1049,0.2659,0.0
0.298,0.617,0.697,0.5312,0.1141,0.4001,0.0
-0.285,0.8643,0.188,0.299,0.567,0.129,0.0
-0.2573,0.0726,0.309,0.308,0.4673,0.2489,0.0
0.5156,0.754,0.7134,0.8545,0.566,0.2228,0.0
0.10803,0.1448,0.0763,0.8477,0.715,-0.3613,0.0
-0.2559,0.3774,0.2421,0.645,0.633,0.0544,0.0
0.3298,0.702,0.6313,0.3079,0.1768,-0.3086,0.0
-0.1243,0.3567,0.5747,0.4795,0.2651,0.12134,0.0
0.0922,0.8184,0.4236,0.733,0.4011,-0.02722,0.0
-0.2389,0.2417,0.5864,0.5693,0.1864,-0.2756,0.0
-0.2507,0.2715,0.2333,0.7065,0.1002,-0.3284,0.0
0.1011,0.8887,0.4087,0.775,0.7354,0.05103,0.0
-0.279,0.192,0.853,0.9165,0.949,-0.0977,0.0
-0.2678,0.5923,0.2084,0.5913,0.9604,-0.07367,0.0
1.148,0.9307,0.874,0.6533,0.2632,0.1573,0.0
0.09845,0.3955,0.9326,0.4272,0.2732,-0.304,0.0
-0.142,0.1882,0.1433,0.731,0.502,0.0387,0.0
-0.1823,0.3525,0.4412,0.9604,0.6655,-0.1825,0.0
-0.2566,0.3923,0.2391,0.9507,0.9126,0.2008,0.0
1.082,0.8403,0.9365,0.2754,0.199,-0.2563,0.0
0.01675,0.1959,0.0789,0.596,0.3381,-0.1388,0.0
-0.2627,0.2119,0.3796,0.9233,0.1351,0.1182,0.0
0.58,0.909,0.637,0.3325,0.5674,-0.02213,0.0
-0.1959,0.332,0.11554,0.6865,0.55,-0.0681,0.0
-0.1694,0.08923,0.3984,0.7935,0.1153,0.2102,0.0
-0.2607,0.1879,0.3657,0.715,0.726,-0.384,0.0
0.153,0.527,0.6777,0.4363,0.4014,0.3997,0.0
-0.28,0.1704,0.4934,0.9175,0.864,0.1346,0.0
0.1467,0.4866,0.74,0.9946,0.901,0.1189,0.0
-0.2908,0.1841,0.772,0.4216,0.669,0.4626,0.0
1.115,0.813,0.986,0.985,0.4175,-0.0933,0.0
0.00747,0.867,0.3645,0.6006,0.991,-0.05435,0.0
0.6084,0.984,0.613,0.4084,0.787,0.328,0.0
-0.2153,0.0722,0.904,0.6934,0.741,0.1078,0.0
0.2842,0.6216,0.6797,0.5874,0.1329,0.4219,0.0
0.4697,0.802,0.6475,0.288,0.844,0.127,0.0
-0.1356,0.3936,0.4788,0.343,0.1553,0.1779,0.0
0.7217,0.9463,0.6816,0.404,0.2124,0.216,0.0
-0.0702,0.779,0.3403,0.536,0.4507,0.3525,0.0
-0.237,0.2223,0.2264,0.7466,0.683,0.1328,0.0
-0.2847,0.1522,0.531,0.3552,0.88,-0.02954,0.0
-0.04736,0.772,0.3557,0.7026,0.1068,0.3003,0.0
0.4895,0.899,0.5996,0.2974,0.4773,0.0662,0.0
0.2242,0.4136,0.01718,0.6445,0.4465,0.2908,0.0
-0.2401,0.8086,0.2235,0.6978,0.8413,-0.285,0.0
-0.2896,0.801,0.1034,0.3706,0.347,-0.01234,0.0
0.469,0.948,0.564,0.641,0.941,-0.4617,0.0
-0.2058,0.536,0.285,0.705,0.945,-0.466,0.0
-0.2754,0.7812,0.1951,0.956,0.4058,-0.4963,0.0
0.352,0.0571,0.0971,0.7305,0.9375,-0.0742,0.0
1.191,0.02156,0.1984,0.3687,0.851,-0.2803,0.0
0.675,0.04932,0.4714,0.3782,0.8936,-0.3318,0.0
0.128,0.1406,0.07367,0.7153,0.5737,0.448,0.0
-0.3281,0.9873,0.1357,0.3474,0.834,0.374,0.0
-0.2017,0.3394,0.4146,0.2473,0.766,-0.2795,0.0
-0.227,0.7383,0.2412,0.302,0.4436,0.417,0.0
0.07135,0.307,0.05112,0.2131,0.6733,-0.0566,0.0
-0.1808,0.612,0.2944,0.28,0.6953,-0.11395,0.0
0.0933,0.3958,0.924,0.2522,0.3015,-0.1333,0.0
-0.006298,0.0881,0.1302,0.631,0.857,0.02477,0.0
-0.1846,0.68,0.2798,0.8687,0.8184,0.2542,0.0
0.322,0.9834,0.4868,0.922,0.1163,0.1564,0.0
0.533,0.595,0.946,0.8984,0.6104,-0.204,0.0
-0.2439,0.485,0.2483,0.3667,0.6416,-0.3286,0.0
0.929,0.747,0.9805,0.4636,0.927,0.1226,0.0
-0.2429,0.7056,0.2279,0.5244,0.4868,-0.2886,0.0
0.5215,0.8115,0.6685,0.753,0.745,-0.06604,0.0
-0.0283,0.9907,0.3232,0.539,0.9644,-0.2886,0.0
-0.2435,0.2852,0.3638,0.416,0.6665,0.1484,0.0
0.5063,0.8,0.6694,0.8955,0.328,0.1643,0.0
-0.265,0.452,0.2145,0.7505,0.3162,0.0759,0.0
-0.1067,0.701,0.3308,0.6846,0.85,-0.3633,0.0
-0.2683,0.539,0.12134,0.71,0.8364,-0.1931,0.0
-0.06976,0.3704,0.06915,0.256,0.24,-0.451,0.0
1.094,0.848,0.934,0.9937,0.11456,0.0579,0.0
0.2184,0.5527,0.708,0.324,0.1501,0.2059,0.0
0.1871,0.05597,0.045,0.4114,0.7056,-0.03937,0.0
-0.1003,0.382,0.5684,0.7495,0.7256,0.3123,0.0
0.1643,0.2399,0.0455,0.7603,0.8755,0.2761,0.0
-0.0356,0.9253,0.3298,0.847,0.5767,-0.253,0.0
0.00896,0.3997,0.7344,0.682,0.817,-0.2152,0.0
-0.1785,0.279,0.711,0.6367,0.331,-0.00892,0.0
1.035,0.9727,0.7944,0.6177,0.4385,0.1713,0.0
-0.2184,0.1394,0.3064,0.669,0.2864,0.0724,0.0
-0.0915,0.5303,0.4106,0.311,0.7964,0.2139,0.0
0.9004,0.914,0.783,0.7026,0.88,0.1997,0.0
0.945,0.8354,0.8735,0.397,0.1178,-0.4705,0.0
0.372,0.631,0.74,0.4885,0.662,-0.08203,0.0
0.3691,0.7085,0.01014,0.725,0.933,0.458,0.0
-0.1247,0.6133,0.342,0.587,0.6943,-0.09576,0.0
-0.2551,0.04984,0.474,0.526,0.3198,0.2092,0.0
1.221,0.0157,0.3335,0.972,0.8496,-0.35,0.0
0.3147,0.7515,0.5854,0.538,0.1918,-0.2646,0.0
0.477,0.5713,0.9497,0.5264,0.3857,0.4707,0.0
-0.3125,0.06586,0.4553,0.7354,0.296,-0.4292,0.0
0.1554,0.5103,0.7036,0.829,0.3538,-0.0967,0.0
-0.2006,0.4583,0.318,0.4016,0.54,-0.2544,0.0
0.536,0.05423,0.4756,0.5786,0.9717,-0.2079,0.0
-0.2004,0.07764,0.2415,0.4175,0.3374,-0.2908,0.0
-0.1823,0.7466,0.2732,0.623,0.318,0.4912,0.0
-0.04526,0.405,0.623,0.99,0.5986,0.3853,0.0
0.353,0.613,0.7524,0.209,0.815,0.4236,0.0
0.6597,0.655,0.947,0.784,0.7163,0.4492,0.0
0.2986,0.724,0.5967,0.5396,0.2151,0.3792,0.0
0.09235,0.8013,0.0311,0.9165,0.7563,-0.355,0.0
0.5376,0.6865,0.8027,0.766,0.6367,0.3875,0.0
-0.1996,0.2417,0.9507,0.799,0.1161,0.4626,0.0
-0.02196,0.00833,0.8545,0.3162,0.2433,-0.1744,0.0
0.0964,0.4133,0.8613,0.3945,0.757,-0.04474,0.0
0.2177,0.4907,0.8247,0.5044,0.263,-0.2019,0.0
1.152,0.8203,0.992,0.973,0.2083,-0.4963,0.0
0.5654,0.9424,0.6113,0.3235,0.1125,-0.2947,0.0
0.2996,0.57,0.763,0.707,0.6577,-0.00759,0.0
0.2385,0.681,0.583,0.4275,0.3206,-0.2115,0.0
-0.307,0.1031,0.97,0.956,0.947,-0.4866,0.0
-0.2837,0.1888,0.6216,0.481,0.2427,0.4294,0.0
0.1537,0.5137,0.692,0.865,0.9834,-0.4438,0.0
-0.0205,0.0518,0.5967,0.737,0.4485,0.2068,0.0
-0.1097,0.308,0.819,0.4253,0.844,0.1261,0.0
-0.06287,0.614,0.392,0.9824,0.8843,-0.1544,0.0
-0.2391,0.1952,0.2607,0.873,0.431,0.3557,0.0
-0.1488,0.2852,0.8154,0.3113,0.4634,0.1787,0.0
-0.233,0.2905,0.4106,0.572,0.968,0.4143,0.0
0.2893,0.97,0.4749,0.5444,0.6963,-0.249,0.0
0.3538,0.984,0.502,0.505,0.4705,0.4597,0.0
0.5303,0.7505,0.7227,0.677,0.789,-0.1975,0.0
0.6943,0.699,0.895,0.3738,0.616,-0.341,0.0
-0.0579,0.0888,0.1825,0.6245,0.728,0.3977,0.0
0.751,0.01237,0.9,0.7915,0.653,-0.01205,0.0
0.2578,0.3047,0.02794,0.2241,0.2369,0.0511,0.0
0.1339,0.433,0.868,0.2715,0.9243,0.3755,0.0
0.2081,0.1011,0.07806,0.3977,0.4336,0.2903,0.0
0.4404,0.601,0.8457,0.799,0.4011,-0.2162,0.0
-0.2053,0.4788,0.3052,0.2356,0.5996,-0.03021,0.0
-0.1918,0.3945,0.3767,0.5376,0.1671,0.344,0.0
-0.266,0.2034,0.8223,0.7573,0.3362,-0.1658,0.0
-0.05212,0.9443,0.3184,0.5454,0.5645,-0.3467,0.0
0.1698,0.8457,0.02121,0.757,0.944,-0.442,0.0
-0.2986,0.1714,0.7607,0.567,0.9404,-0.1655,0.0
-0.1609,0.8916,0.2683,0.745,0.379,0.1293,0.0
0.376,0.6025,0.784,0.3896,0.649,-0.1381,0.0
-0.2866,0.0936,0.9165,0.649,0.4458,0.1362,0.0
0.4036,0.724,0.667,0.3896,0.2507,0.3237,0.0
-0.168,0.43,0.3848,0.2341,0.4893,0.0886,0.0
0.0447,0.524,0.561,0.4084,0.1299,0.442,0.0
-0.2153,0.06775,0.9873,0.7104,0.53,-0.3206,0.0
-0.1967,0.2844,0.5977,0.7427,0.195,0.303,0.0
0.6094,0.7393,0.786,0.838,0.3625,-0.1577,0.0
-0.11914,0.1566,0.1545,0.9243,0.732,-0.01283,0.0
0.1388,0.4695,0.7715,0.6914,0.9517,0.3872,0.0
-0.311,0.958,0.1625,0.5176,0.675,0.1743,0.0
-0.04556,0.3423,0.841,0.9155,0.856,0.4255,0.0
-0.1805,0.715,0.2754,0.947,0.889,-0.3174,0.0
1.169,0.9614,0.8525,0.3362,0.3596,-0.3135,0.0
-0.05786,0.9463,0.0457,0.685,0.906,-0.2734,0.0
-0.1315,0.512,0.07117,0.3276,0.837,0.4705,0.0
-0.1665,0.2854,0.7256,0.4177,0.4854,-0.0817,0.0
-0.2632,0.2076,0.7544,0.9473,0.4666,-0.2532,0.0
0.0764,0.751,0.4373,0.83,0.2812,0.011314,0.0
-0.191,0.3567,0.4146,0.769,0.5547,-0.2052,0.0
-0.2563,0.2942,0.2491,0.4368,0.2708,0.4968,0.0
-0.2837,0.98,0.186,0.588,0.969,0.2043,0.0
0.518,0.9263,0.597,0.3354,0.2556,-0.3489,0.0
-0.2808,0.1109,0.6646,0.739,0.4412,0.425,0.0
-0.2046,0.992,0.06824,0.2382,0.509,-0.129,0.0
0.5767,0.9634,0.608,0.553,0.899,0.2057,0.0
-0.1299,0.142,0.1798,0.4207,0.7397,-0.3252,0.0
-0.0739,0.3457,0.738,0.865,0.1444,0.0006003,0.0
0.3193,0.8345,0.542,0.316,0.3984,-0.2935,0.0
0.2766,0.6216,0.667,0.61,0.2908,-0.382,0.0
-0.2207,0.873,0.2336,0.9136,0.684,0.10156,0.0
0.5186,0.665,0.8135,0.2686,0.7837,-0.2522,0.0
-0.271,0.1232,0.538,0.707,0.653,0.414,0.0
-0.2235,0.2401,0.1846,0.3071,0.207,-0.402,0.0
0.00796,0.724,0.0417,0.3086,0.8,-0.48,0.0
-0.2964,0.1771,0.9624,0.944,0.7007,0.4814,0.0
-0.1741,0.338,0.4883,0.9224,0.936,-0.3123,0.0
-0.288,0.6396,0.1818,0.951,0.8423,0.2986,0.0
0.9717,0.798,0.9365,0.3293,0.5303,0.424,0.0
-0.10944,0.5366,0.39,0.328,0.3142,0.3892,0.0
-0.11536,0.3242,0.719,0.5444,0.4495,0.4937,0.0
-0.2224,0.691,0.0834,0.3145,0.9663,-0.1533,0.0
-0.1919,0.526,0.3074,0.6177,0.2852,0.341,0.0
-0.2032,0.3572,0.391,0.891,0.9243,0.2944,0.0
-0.2769,0.642,0.1113,0.352,0.798,0.02736,0.0
-0.2634,0.2163,0.4192,0.3208,0.5376,-0.01979,0.0
0.2917,0.907,0.01127,0.603,0.3396,0.3984,0.0
-0.258,0.2211,0.5947,0.3423,0.831,-0.0264,0.0
0.096,0.409,0.869,0.913,0.6357,-0.465,0.0
-0.2546,0.3442,0.2432,0.839,0.5913,-0.404,0.0
0.3516,0.05414,0.3357,0.9097,0.7593,-0.2764,0.0
0.2883,0.866,0.5137,0.4912,0.728,0.2861,0.0
-0.03174,0.601,0.4268,0.6963,0.571,0.3188,0.0
0.691,0.8906,0.703,0.56,0.9233,0.2004,0.0
0.01895,0.3545,0.9424,0.3628,0.825,-0.2578,0.0
-0.1528,0.742,0.2932,0.563,0.851,0.1698,0.0
-0.2415,0.545,0.1025,0.2008,0.1265,0.4092,0.0
-0.0845,0.4846,0.4475,0.9946,0.2766,-0.1823,0.0
-0.2322,0.1015,0.517,0.9126,0.3162,0.2158,0.0
-0.2502,0.2361,0.506,0.3992,0.8096,-0.3528,0.0
0.3208,0.7915,0.566,0.66,0.689,-0.0359,0.0
0.9517,0.9683,0.7627,0.2097,0.1802,-0.3318,0.0
-0.3052,0.7725,0.12024,0.5273,0.1934,-0.4446,0.0
-0.2363,0.3442,0.3164,0.833,0.2515,0.08295,0.0
0.266,0.2018,0.03802,0.593,0.9893,0.0883,0.0
-0.2622,0.2007,0.967,0.874,0.912,-0.0669,0.0
-0.2522,0.1682,0.341,0.463,0.931,0.12396,0.0
-0.1819,0.824,0.2642,0.6094,0.3582,0.4216,0.0
0.334,0.567,0.807,0.779,0.457,0.447,0.0
-0.2527,0.286,0.2844,0.792,0.462,-0.16,0.0
0.436,0.03558,0.1925,0.549,0.5986,0.0961,0.0
-0.1636,0.282,0.7715,0.3894,0.2263,0.26,0.0
0.672,0.848,0.725,0.3352,0.985,0.2998,0.0
0.01918,0.449,0.6343,0.5503,0.229,-0.08826,0.0
0.1785,0.851,0.4595,0.726,0.3413,-0.1409,0.0
-0.1947,0.919,0.2465,0.3093,0.9985,0.1254,0.0
0.5127,0.739,0.7266,0.3408,0.7114,0.3027,0.0
-0.02429,0.619,0.424,0.6265,0.6987,0.3455,0.0
-0.2737,0.1987,0.7085,0.8276,0.544,-0.3123,0.0
-0.2087,0.6396,0.2666,0.3147,0.4282,0.2737,0.0
-0.255,0.2954,0.2218,0.4045,0.233,0.291,0.0
-0.1863,0.7285,0.2695,0.5146,0.551,-0.3928,0.0
-0.1797,0.09296,0.403,0.522,0.414,-0.242,0.0
-0.1632,0.262,0.925,0.9126,0.955,-0.3445,0.0
0.2722,0.682,0.6055,0.2842,0.9326,-0.4873,0.0
0.87,0.767,0.917,0.82,0.584,0.2275,0.0
0.6396,0.04935,0.483,0.758,0.8633,-0.09314,0.0
-0.2085,0.8574,0.2426,0.68,0.431,0.02675,0.0
-0.1799,0.9854,0.2476,0.3877,0.3486,-0.3767,0.0
-0.268,0.8667,0.0893,0.9263,0.8306,0.3423,0.0
-0.297,0.1561,0.628,0.7925,0.9194,0.11194,0.0
0.10596,0.4373,0.8013,0.695,0.3103,0.0203,0.0
-0.2537,0.2256,0.618,0.9067,0.6855,0.3047,0.0
-0.1062,0.3408,0.6694,0.515,0.3474,0.01668,0.0
0.05035,0.6216,0.4802,0.3787,0.8286,-0.2393,0.0
-0.2537,0.254,0.2827,0.962,0.129,-0.1655,0.0
-0.3281,0.985,0.1313,0.913,0.2294,0.35,0.0
-0.289,0.5605,0.1476,0.2361,0.745,0.2252,0.0
-0.1957,0.4565,0.0938,0.4595,0.352,-0.2452,0.0
0.9863,0.895,0.838,0.288,0.3489,0.0568,0.0
-0.2498,0.2947,0.202,0.909,0.421,-0.2534,0.0
-0.2705,0.119,0.5586,0.6724,0.927,0.0905,0.0
0.2576,0.7236,0.569,0.8154,0.737,0.272,0.0
-0.1207,0.654,0.333,0.535,0.9634,-0.179,0.0
0.2805,0.8345,0.52,0.5205,0.7114,-0.4707,0.0
-0.1749,0.07465,0.0631,0.836,0.7173,0.3455,0.0
0.05093,0.6504,0.4644,0.5117,0.115,-0.1691,0.0
0.46,0.7124,0.7134,0.7026,0.7134,-0.1466,0.0
0.7573,0.688,0.957,0.7085,0.3489,-0.3496,0.0
0.2693,0.6724,0.6143,0.8223,0.847,0.127,0.0
-0.15,0.5005,0.363,0.543,0.698,0.0844,0.0
-0.0949,0.824,0.3137,0.7646,0.604,-0.4612,0.0
-0.1909,0.4062,0.3635,0.3027,0.8853,-0.2234,0.0
0.9688,0.8525,0.872,0.3386,0.3245,0.361,0.0
0.0678,0.5947,0.515,0.4568,0.1816,0.1006,0.0
-0.2455,0.2834,0.3481,0.2349,0.3542,-0.21,0.0
-0.11926,0.2842,0.962,0.735,0.3005,0.438,0.0
-0.187,0.3804,0.101,0.9604,0.9053,0.4631,0.0
1.14,0.903,0.896,0.8564,0.2493,0.02989,0.0
-0.28,0.1729,0.4915,0.798,0.3303,0.3372,0.0
0.862,0.8433,0.8257,0.7134,0.4355,0.05118,0.0
-0.2406,0.608,0.2397,0.2499,0.637,0.0829,1.0
-0.2137,0.3135,0.426,0.3064,0.2947,-0.1783,2.0
0.03357,0.4902,0.587,0.476,0.415,0.02522,3.0
-0.12134,0.5317,0.0679,0.3335,0.581,0.2341,4.0
0.002026,0.9014,0.3557,0.6787,0.1793,0.3008,5.0
-0.2228,0.4482,0.2903,0.4727,0.3777,-0.11896,6.0
-0.03046,0.2861,0.07086,0.4473,0.4158,0.1989,7.0
0.5103,0.67,0.8027,0.676,0.1976,0.1997,8.0
-0.2668,0.5684,0.1147,0.5557,0.5464,0.04724,9.0
-0.2003,0.7485,0.2588,0.6665,0.3108,0.113,10.0
-0.2157,0.4524,0.2986,0.5024,0.4182,-0.2439,11.0
-0.2712,0.464,0.1477,0.7485,0.8037,-0.2107,1.0
-0.06604,0.537,0.4285,0.783,0.4033,-0.2737,2.0
-0.2502,0.2751,0.2153,0.2874,0.6533,0.4387,3.0
-0.1418,0.3616,0.525,0.492,0.465,0.317,4.0
-0.0806,0.656,0.3638,0.6655,0.5186,-0.0325,5.0
-0.1526,0.4297,0.408,0.5337,0.4954,0.1304,6.0
-0.2588,0.34,0.2192,0.4856,0.5327,-0.0799,7.0
-0.1993,0.825,0.07153,0.3862,0.2115,0.4043,8.0
-0.2922,0.7847,0.1793,0.9243,0.7705,-0.2341,9.0
-0.2617,0.4001,0.2233,0.4468,0.653,0.2253,10.0
-0.2751,0.1917,0.962,0.3203,0.8447,-0.3223,11.0
0.02446,0.3809,0.8384,0.2144,0.1672,0.02792,1.0
-0.04123,0.3809,0.693,0.4153,0.3667,0.06854,2.0
-0.02168,0.3325,0.962,0.903,0.3235,0.2637,3.0
-0.2766,0.4692,0.1738,0.5728,0.6143,-0.01013,4.0
-0.08124,0.3435,0.7295,0.747,0.4492,0.1534,5.0
-0.2725,0.576,0.118,0.308,0.684,-0.2155,6.0
-0.2693,0.1978,0.4292,0.713,0.6606,0.1481,7.0
-0.2489,0.2224,0.268,0.4302,0.3481,-0.128,8.0
-0.2988,0.928,0.1755,0.4133,0.6206,0.3877,9.0
-0.182,0.767,0.2695,0.846,0.162,0.1749,10.0
-0.2314,0.7393,0.2356,0.435,0.4556,-0.1282,11.0
-0.11523,0.3508,0.61,0.9277,0.4614,-0.05872,1.0
-0.212,0.1096,0.3987,0.6895,0.5713,-0.2144,2.0
-0.07117,0.0123,0.905,0.77,0.2554,0.447,3.0
-0.3167,0.07404,0.9863,0.8354,0.2778,0.3923,4.0
-0.09216,0.419,0.5117,0.8364,0.871,-0.1338,5.0
-0.2206,0.254,0.6465,0.75,0.582,-0.003529,6.0
-0.2211,0.272,0.5303,0.5103,0.764,0.0832,7.0
-0.2761,0.1519,0.482,0.623,0.4856,-0.1356,8.0
-0.2815,0.1267,0.579,0.666,0.5986,-0.093,9.0
-0.10187,0.3901,0.5444,0.7437,0.334,-0.04932,10.0
-0.2927,0.5884,0.1501,0.4094,0.9263,0.01036,11.0
-0.2878,0.09625,0.8926,0.605,0.1897,0.3762,1.0
-0.1742,0.4558,0.3599,0.4702,0.4531,0.3838,2.0
-0.1978,0.347,0.1129,0.4956,0.1296,-0.12103,3.0
-0.2228,0.08856,0.535,0.5938,0.3481,0.01068,4.0
-0.3174,0.1311,0.824,0.4167,0.2323,0.2854,5.0
-0.3013,0.1648,0.744,0.8506,0.7837,-0.4014,6.0
-0.12463,0.654,0.329,0.855,0.587,-0.3555,7.0
-0.2693,0.2069,0.5127,0.566,0.3767,0.0723,8.0
-0.2734,0.0816,0.6973,0.848,0.475,-0.07434,9.0
-0.2072,0.03394,0.607,0.2001,0.1222,0.4868,10.0
-0.237,0.3281,0.3281,0.542,0.2622,0.01817,11.0
-0.2158,0.352,0.362,0.437,0.4355,-0.1876,1.0
-0.2325,0.451,0.2747,0.9546,0.7866,0.04883,2.0
0.0683,0.562,0.539,0.8477,0.1009,-0.491,3.0
-0.1255,0.4307,0.4438,0.7715,0.3223,-0.2798,4.0
-0.03836,0.4736,0.516,0.697,0.517,-0.1813,5.0
-0.2622,0.2046,0.3647,0.616,0.4448,0.0425,6.0
-0.227,0.091,0.56,0.4912,0.5205,-0.2349,7.0
-0.1577,0.2874,0.10846,0.7715,0.111,-0.3481,8.0
-0.2268,0.283,0.4536,0.5933,0.5527,0.0004466,9.0
-0.2236,0.2827,0.4656,0.682,0.4946,-0.1733,10.0
-0.254,0.264,0.2815,0.78,0.381,-0.1267,11.0
-0.256,0.3384,0.2443,0.6953,0.5947,0.0685,1.0
-0.3123,0.805,0.1531,0.5747,0.358,0.05304,2.0
0.05783,0.368,0.982,0.8906,0.7905,0.4932,3.0
0.01706,0.788,0.03934,0.4194,0.2202,-0.2164,4.0
-0.2827,0.529,0.1726,0.4392,0.509,-0.2883,5.0
-0.2244,0.2576,0.5977,0.6743,0.8213,0.1821,6.0
-0.09393,0.339,0.7144,0.733,0.636,0.2507,7.0
-0.2527,0.3318,0.175,0.6973,0.3108,0.2996,8.0
-0.2532,0.4392,0.2416,0.65,0.465,0.1355,9.0
-0.2413,0.322,0.3193,0.629,0.3992,0.07,10.0
-0.2974,0.707,0.1702,0.8496,0.1168,-0.011154,11.0
-0.2542,0.5635,0.2272,0.827,0.632,-0.02565,1.0
-0.1558,0.921,0.2668,0.4412,0.368,-0.392,2.0
-0.2964,0.1761,0.9907,0.7573,0.8555,0.277,3.0
0.0995,0.6445,0.503,0.5596,0.1844,-0.4812,4.0
-0.1895,0.389,0.1007,0.3545,0.9136,0.06305,5.0
-0.2041,0.881,0.243,0.5547,0.9907,-0.1148,6.0
-0.2074,0.1522,0.2583,0.8403,0.1877,-0.2903,7.0
-0.2556,0.414,0.2382,0.5137,0.7676,0.01709,8.0
0.345,0.649,0.6963,0.4841,0.1986,-0.01715,9.0
-0.037,0.4775,0.513,0.702,0.4119,-0.2029,10.0
0.0327,0.4849,0.5938,0.567,0.4539,0.01775,11.0
-0.276,0.4675,0.1765,0.782,0.8027,-0.011795,1.0
0.1312,0.4482,0.817,0.3662,0.1953,0.459,2.0
-0.0459,0.3892,0.6606,0.6025,0.3684,0.2155,3.0
-0.1104,0.588,0.3608,0.509,0.1285,-0.4954,4.0
-0.278,0.1509,0.4932,0.834,0.3242,-0.04843,5.0
-0.07874,0.3887,0.5938,0.744,0.51,0.08386,6.0
-0.192,0.1195,0.3083,0.263,0.647,0.4304,7.0
0.02505,0.3582,0.936,0.568,0.3694,-0.4358,8.0
-0.1508,0.4292,0.408,0.645,0.3848,-0.2228,9.0
-0.03595,0.56,0.4468,0.459,0.87,0.2578,10.0
-0.2559,0.3438,0.1777,0.8193,0.6475,0.06088,11.0
-0.2964,0.1288,0.663,0.795,0.6313,-0.2493,1.0
-0.0936,0.4583,0.4614,0.605,0.7134,-0.1467,2.0
-0.2598,0.2037,0.3442,0.5103,0.6953,0.00466,3.0
-0.1595,0.4338,0.393,0.561,0.928,-0.002092,4.0
-0.205,0.3013,0.4907,0.586,0.755,0.01269,5.0
-0.2544,0.2285,0.548,0.613,0.6606,0.03174,6.0
-0.2708,0.1578,0.4414,0.6045,0.569,0.074,7.0
-0.174,0.3271,0.5186,0.538,0.5576,-0.1019,8.0
-0.262,0.1964,0.367,0.704,0.806,-0.193,9.0
-0.1846,0.362,0.4233,0.8413,0.6753,-0.0638,10.0
-0.3188,0.11816,0.9136,0.8613,0.4873,-0.05856,11.0
-0.0822,0.395,0.5703,0.6606,0.5137,-0.1862,1.0
0.03708,0.629,0.4658,0.62,0.672,-0.0953,2.0
-0.0571,0.4773,0.4895,0.622,0.6865,-0.04218,3.0
0.03598,0.56,0.514,0.7207,0.7036,0.1504,4.0
-0.2578,0.4604,0.2302,0.6143,0.7427,0.1438,5.0
0.2412,0.594,0.671,0.5044,0.686,-0.08,6.0
-0.2188,0.1181,0.3762,0.51,0.7896,0.003448,7.0
-0.261,0.506,0.12103,0.4788,0.8267,0.01499,8.0
-0.0871,0.2803,0.08545,0.964,0.785,0.0208,9.0
-0.2769,0.1537,0.4846,0.9395,0.3948,-0.2185,10.0
-0.1963,0.2502,0.1458,0.911,0.8823,0.305,11.0
-0.2627,0.3774,0.1764,0.9653,0.8174,0.1674,1.0
0.0381,0.556,0.5195,0.5566,0.4834,0.1098,2.0
-0.1477,0.428,0.414,0.6567,0.771,-0.1923,3.0
-0.2146,0.1414,0.294,0.718,0.3013,-0.1173,4.0
-0.3167,0.128,0.827,0.4377,0.1766,0.2064,5.0
-0.208,0.1365,0.2915,0.7764,0.6206,0.135,6.0
0.006916,0.584,0.4678,0.674,0.5273,-0.1301,7.0
-0.209,0.4146,0.10535,0.61,0.594,-0.2896,8.0
-0.2563,0.3381,0.1873,0.2617,0.2722,-0.2356,9.0
-0.261,0.2181,0.3708,0.6523,0.415,-0.06616,10.0
-0.2822,0.0908,0.907,0.6504,0.3774,0.1963,11.0
0.2339,0.6797,0.583,0.3054,0.5835,0.057,1.0
0.0548,0.7075,0.44,0.811,0.631,-0.1311,2.0
0.0824,0.344,0.04675,0.524,0.6987,0.01189,3.0
-0.2678,0.1985,0.438,0.71,0.586,-0.4167,4.0
-0.1026,0.57,0.3757,0.7646,0.631,-0.3345,5.0
-0.1953,0.6167,0.2827,0.9033,0.958,0.4565,6.0
-0.186,0.4294,0.357,0.5693,0.283,0.0895,7.0
-0.2004,0.3584,0.3926,0.646,0.435,-0.06964,8.0
-0.1549,0.4285,0.4019,0.7437,0.609,-0.2817,9.0
-0.05664,0.4062,0.5957,0.665,0.4294,-0.07874,10.0
-0.2074,0.2399,0.8906,0.4104,0.706,-0.28,11.0
0.08386,0.4993,0.6353,0.464,0.4233,-0.02159,1.0
-0.1443,0.3247,0.614,0.798,0.6226,-0.1547,2.0
0.1985,0.6675,0.563,0.786,0.9106,-0.3167,3.0
-0.1102,0.534,0.387,0.499,0.717,-0.1235,4.0
-0.1046,0.4421,0.4646,0.557,0.503,0.00522,5.0
-0.2488,0.1549,0.354,0.6445,0.5,0.02171,6.0
-0.2205,0.0743,0.2666,0.6147,0.693,-0.2979,7.0
-0.1923,0.3997,0.368,0.594,0.581,-0.011116,8.0
-0.303,0.8096,0.1117,0.3938,0.2092,0.4175,9.0
-0.218,0.4246,0.3079,0.4092,0.5977,-0.06696,10.0
-0.2498,0.1901,0.303,0.518,0.2406,0.1514,11.0
-0.265,0.3965,0.1705,0.8374,0.6826,-0.06647,1.0
-0.07025,0.781,0.3389,0.758,0.946,0.11676,2.0
-0.2306,0.2585,0.545,0.629,0.5034,0.1317,3.0
0.05392,0.638,0.4753,0.699,0.3823,0.2228,4.0
-0.221,0.3691,0.331,0.904,0.765,-0.4136,5.0
-0.1448,0.4524,0.4,0.562,0.676,0.10034,6.0
0.4543,0.863,0.601,0.93,0.4841,0.2615,7.0
-0.2427,0.1163,0.457,0.7466,0.3267,0.466,8.0
-0.2369,0.935,0.2177,0.643,0.775,-0.4749,9.0
-0.311,0.8447,0.1604,0.9663,0.7075,0.485,10.0
-0.0909,0.0881,0.218,0.7114,0.4792,-0.2329,11.0
0.02383,0.4067,0.7446,0.513,0.3882,-0.02448,1.0
0.0754,0.551,0.03836,0.2988,0.2861,0.4343,2.0
-0.009514,0.6006,0.4424,0.6587,0.9185,-0.262,3.0
-0.1888,0.4739,0.0895,0.9907,0.2559,-0.0663,4.0
0.1741,0.967,0.425,0.7954,0.825,0.3333,5.0
-0.1366,0.01468,0.5923,0.5933,0.137,0.1746,6.0
-0.1484,0.4075,0.4346,0.7217,0.556,-0.1412,7.0
-0.01994,0.622,0.4248,0.7344,0.574,0.12415,8.0
0.1655,0.4631,0.8203,0.3655,0.1394,-0.3196,9.0
-0.131,0.015015,0.3845,0.831,0.2421,-0.1268,10.0
-0.10596,0.4163,0.4949,0.703,0.4446,0.02426,11.0
-0.0992,0.953,0.2942,0.59,0.1493,-0.05988,1.0
-0.2515,0.2822,0.311,0.6265,0.5474,0.0874,2.0
-0.2646,0.1968,0.3936,0.461,0.3962,-0.3958,3.0
0.2502,0.4863,0.8833,0.4846,0.4956,-0.007107,4.0
-0.206,0.416,0.33,0.4995,0.748,-0.3398,5.0
-0.1825,0.7495,0.07056,0.798,0.8887,-0.0442,6.0
-0.2595,0.1273,0.4727,0.2668,0.968,-0.1172,7.0
-0.02284,0.3486,0.871,0.9336,0.273,0.3745,8.0
-0.07263,0.3826,0.62,0.526,0.684,-0.0762,9.0
0.0808,0.11786,0.0995,0.92,0.8145,-0.1245,10.0
-0.2358,0.4912,0.2595,0.7124,0.754,-0.144,11.0
-0.2683,0.2089,0.5913,0.3452,0.9224,0.1076,1.0
-0.3118,0.1577,0.824,0.4717,0.5435,0.339,2.0
0.0779,0.4578,0.706,0.4514,0.3472,0.0995,3.0
-0.06915,0.4397,0.5176,0.591,0.4084,-0.1536,4.0
-0.1753,0.3044,0.5903,0.571,0.4805,-0.03117,5.0
0.0204,0.4788,0.5874,0.7354,0.1366,0.141,6.0
-0.1373,0.336,0.6,0.691,0.3481,0.1004,7.0
-0.2563,0.1052,0.59,0.432,0.829,-0.2324,8.0
-0.1555,0.656,0.3083,0.7246,0.1562,0.489,9.0
-0.2378,0.2384,0.646,0.5244,0.588,-0.01426,10.0
-0.277,0.1492,0.488,0.725,0.3418,0.0997,11.0
0.2308,0.564,0.7036,0.6846,0.571,0.2766,1.0
-0.2205,0.3901,0.1157,0.4922,0.9453,0.3872,2.0
-0.01883,0.424,0.621,0.726,0.609,-0.286,3.0
-0.03662,0.3552,0.8,0.9443,0.423,0.2223,4.0
-0.1935,0.309,0.12054,0.2377,0.7563,-0.2297,5.0
-0.1953,0.35,0.4172,0.6816,0.3962,0.07904,6.0
-0.093,0.3247,0.0797,0.4133,0.4873,-0.3794,7.0
-0.1407,0.331,0.6064,0.553,0.5625,0.03033,8.0
-0.1815,0.3376,0.474,0.544,0.5625,-0.01039,9.0
-0.1442,0.3748,0.4878,0.591,0.5835,-0.2391,10.0
-0.2394,0.263,0.4436,0.4243,0.679,-0.3994,11.0
-0.1572,0.3508,0.5093,0.618,0.893,0.1227,1.0
-0.213,0.2979,0.1382,0.975,0.9297,0.1306,2.0
-0.144,0.3145,0.662,0.4736,0.7026,0.09314,3.0
-0.1044,0.01843,0.732,0.5635,0.2905,0.1809,4.0
-0.2632,0.478,0.221,0.7554,0.9814,0.4712,5.0
-0.2659,0.2137,0.514,0.629,0.5103,0.1804,6.0
-0.269,0.1986,0.4424,0.7754,0.562,-0.11707,7.0
-0.273,0.2019,0.5146,0.7515,0.6357,0.417,8.0
-0.2206,0.51,0.2773,0.8823,0.8223,0.2131,9.0
1.206,0.9844,0.8467,0.8823,0.2861,-0.2207,10.0
0.302,0.51,0.8896,0.85,0.9297,0.03293,11.0
-0.2742,0.2003,0.609,0.2472,0.601,-0.05557,1.0
-0.29,0.6753,0.1779,0.3167,0.1199,-0.45,2.0
0.3804,0.09106,0.02539,0.38,0.1843,-0.2355,3.0
-0.1316,0.289,0.851,0.796,0.868,-0.2025,4.0
-0.1575,0.2656,0.9277,0.837,0.2622,-0.1678,5.0
-0.316,0.11475,0.9185,0.625,0.3123,-0.4941,6.0
-0.1678,0.4805,0.35,0.334,0.6577,-0.296,7.0
-0.0823,0.3896,0.5854,0.6562,0.74,0.1228,8.0
-0.2717,0.0909,0.7964,0.4072,0.7505,-0.1298,9.0
-0.2494,0.2423,0.477,0.719,0.3345,0.01178,10.0
-0.1763,0.321,0.526,0.4575,0.59,-0.2737,11.0
-0.2063,0.4294,0.3252,0.2969,0.4668,0.002436,1.0
0.08673,0.456,0.7197,0.685,0.4739,-0.152,2.0
-0.267,0.4282,0.2081,0.524,0.635,0.2886,3.0
-0.3052,0.1475,0.6953,0.487,0.7344,0.11975,4.0
-0.2551,0.3208,0.2489,0.4768,0.9307,-0.1508,5.0
-0.2203,0.394,0.1154,0.957,0.1481,-0.399,6.0
-0.2035,0.2666,0.6484,0.6514,0.882,-0.4612,7.0
-0.2546,0.2292,0.302,0.7314,0.639,-0.2375,8.0
-0.2412,0.4187,0.2656,0.62,0.547,-0.3635,9.0
-0.2438,0.336,0.2947,0.7144,0.3965,-0.2283,10.0
-0.2485,0.3044,0.3103,0.573,0.4062,0.3533,11.0
-0.2637,0.1709,0.3914,0.3462,0.541,-0.2191,1.0
-0.2693,0.4636,0.201,0.6753,0.672,-0.2349,2.0
-0.02866,0.4685,0.537,0.4763,0.4822,0.02855,3.0
0.5933,0.6245,0.9473,0.775,0.271,0.4878,4.0
-0.2229,0.4546,0.1058,0.7085,0.613,-0.2778,5.0
0.4688,0.9653,0.559,0.82,0.2742,0.2554,6.0
0.299,0.564,0.773,0.6035,0.927,0.007088,7.0
-0.3171,0.9385,0.1131,0.418,0.824,0.06137,8.0
-0.3015,0.749,0.1686,0.5176,0.8384,0.2888,9.0
-0.2485,0.4075,0.2576,0.56,0.813,0.1527,10.0
-0.2893,0.6206,0.128,0.737,0.793,-0.373,11.0
-0.109,0.4854,0.0682,0.559,0.7246,-0.4656,1.0
-0.1527,0.2864,0.778,0.9014,0.7314,-0.152,2.0
-0.0737,0.488,0.0614,0.2067,0.3025,-0.173,3.0
0.4575,0.9375,0.5664,0.3962,0.8843,0.1799,4.0
-0.2834,0.06012,0.5938,0.954,0.3213,-0.479,5.0
-0.2502,0.4531,0.1228,0.6104,0.1058,0.4382,6.0
-0.2737,0.4666,0.153,0.4558,0.3894,-0.186,7.0
-0.258,0.2263,0.4473,0.3599,0.2426,-0.4666,8.0
-0.2725,0.08545,0.8145,0.861,0.2053,0.07513,9.0
-0.2578,0.5674,0.10876,0.3328,0.7134,-0.02534,10.0
-0.02277,0.6553,0.4065,0.264,0.9165,-0.2666,11.0
-0.2532,0.2688,0.26,0.8438,0.673,-0.1921,1.0
-0.1087,0.3462,0.6445,0.6836,0.7817,0.1262,2.0
-0.2174,0.302,0.4497,0.4832,0.324,0.4563,3.0
-0.1146,0.488,0.06915,0.5713,0.2676,0.0804,4.0
-0.1272,0.83,0.294,0.4387,0.327,-0.4697,5.0
-0.2656,0.4526,0.213,0.5996,0.396,0.09186,6.0
-0.2898,0.6826,0.179,0.4866,0.501,-0.349,7.0
-0.2554,0.2302,0.2927,0.72,0.6826,0.4678,8.0
0.4065,0.54,0.942,0.575,0.885,0.02269,9.0
-0.2329,0.258,0.1854,0.7573,0.3848,0.0937,10.0
-0.2194,0.4,0.3208,0.5903,0.4414,0.293,11.0
-0.1869,0.2727,0.7065,0.5513,0.6504,-0.2203,1.0
0.1566,0.6753,0.53,0.2203,0.4695,0.0987,2.0
-0.12134,0.4094,0.4797,0.5117,0.3,0.0559,3.0
0.7983,0.922,0.7285,0.9067,0.4004,-0.2754,4.0
-0.1793,0.2483,0.1339,0.796,0.559,0.284,5.0
-0.014114,0.526,0.492,0.81,0.3286,-0.05374,6.0
-0.264,0.4504,0.1404,0.6143,0.5957,-0.499,7.0
-0.01258,0.1797,0.09235,0.5728,0.808,0.2698,8.0
-0.2502,0.2942,0.2,0.6084,0.668,0.1392,9.0
-0.1742,0.4292,0.3743,0.7046,0.4102,-0.02435,10.0
-0.2477,0.3337,0.164,0.473,0.8,-0.033,11.0
-0.2524,0.315,0.2668,0.554,0.3008,-0.2212,1.0
-0.06323,0.8696,0.0476,0.715,0.3364,-0.481,2.0
-0.2815,0.9907,0.1869,0.654,0.9443,0.01665,3.0
-0.0886,0.0815,0.1727,0.2404,0.2607,-0.4097,4.0
-0.3132,0.7983,0.1305,0.7925,0.4375,-0.3794,5.0
-0.2664,0.401,0.1826,0.4146,0.4187,-0.303,6.0
-0.235,0.6733,0.2377,0.323,0.483,-0.255,7.0
-0.0365,0.7617,0.3655,0.9478,0.3516,0.499,8.0
-0.11237,0.725,0.3235,0.7817,0.3943,0.1508,9.0
-0.3003,0.806,0.1702,0.656,0.3933,-0.3345,10.0
-0.311,0.7676,0.1473,0.8545,0.6704,-0.1371,11.0
-0.3252,0.1287,0.94,0.9775,0.667,0.1913,1.0
-0.03494,0.7993,0.3545,0.692,0.6655,-0.3088,2.0
-0.3027,0.0784,0.971,0.2778,0.3647,-0.2482,3.0
-0.2935,0.1805,0.7524,0.6016,0.8364,0.465,4.0
-0.2688,0.1968,0.4182,0.5635,0.4402,0.212,5.0
-0.2479,0.2476,0.4595,0.5034,0.872,-0.01941,6.0
-0.29,0.1499,0.5674,0.3997,0.442,0.1702,7.0
0.7495,0.02538,0.685,0.6426,0.6953,0.234,8.0
-0.2605,0.217,0.356,0.7007,0.9146,0.0945,9.0
-0.2979,0.1752,0.8745,0.3452,0.1803,-0.07526,10.0
-0.2874,0.17,0.559,0.6196,0.6416,0.0979,11.0
0.004917,0.02998,0.3972,0.6675,0.4287,0.1401,1.0
-0.2976,0.6313,0.1533,0.2532,0.9673,-0.0379,2.0
-0.3044,0.05597,0.6504,0.631,0.2837,0.026,3.0
0.1997,0.5483,0.6924,0.4097,0.5977,-0.03375,4.0
-0.1694,0.5674,0.3164,0.325,0.7183,-0.004894,5.0
-0.02359,0.4648,0.5483,0.629,0.4016,0.013695,6.0
-0.2888,0.589,0.1715,0.993,0.4446,-0.01659,7.0
-0.1704,0.4368,0.3755,0.4163,0.7026,0.08966,8.0
-0.2257,0.6216,0.25,0.767,0.748,-0.4937,9.0
-0.1859,0.331,0.11066,0.654,0.71,-0.3645,10.0
-0.2527,0.382,0.2483,0.615,0.6514,-0.234,11.0
-0.2922,0.181,0.7617,0.8765,0.694,0.2832,1.0
-0.0809,0.1613,0.1284,0.8613,0.9766,0.361,2.0
-0.2086,0.07465,0.2096,0.4976,0.288,0.4646,3.0
-0.2098,0.4958,0.2964,0.4429,0.769,0.4688,4.0
-0.1842,0.437,0.3582,0.228,0.6943,0.4424,5.0
-0.1416,0.4578,0.4,0.54,0.8203,0.0787,6.0
0.3342,0.6187,0.722,0.4346,0.5913,-0.2216,7.0
-0.07367,0.68,0.3616,0.5864,0.737,0.0615,8.0
-0.2375,0.573,0.2479,0.981,0.2896,0.482,9.0
-0.2198,0.807,0.2405,0.6274,0.391,0.4255,10.0
-0.2394,0.34,0.3137,0.9487,0.1947,0.3843,11.0
0.1859,0.4697,0.02875,0.962,0.1947,-0.2778,1.0
-0.1987,0.3818,0.3694,0.375,0.396,-0.2983,2.0
-0.2563,0.2421,0.3555,0.5415,0.662,0.04327,3.0
-0.2917,0.1274,0.6333,0.4194,0.4434,0.07074,4.0
1.381,0.9917,0.903,0.7666,0.8794,0.3062,5.0
-0.2515,0.2285,0.62,0.6445,0.7163,0.3967,6.0
-0.02034,0.4976,0.515,0.505,0.3413,0.255,7.0
-0.241,0.5215,0.2479,0.4058,0.6304,-0.1715,8.0
-0.2507,0.3096,0.2812,0.285,0.4675,-0.3184,9.0
-0.1996,0.831,0.0714,0.3286,0.263,0.134,10.0
-0.2451,0.2482,0.4866,0.593,0.658,0.05054,11.0
-0.1885,0.1748,0.1969,0.602,0.1032,-0.09674,1.0
-0.2866,0.8823,0.1843,0.9556,0.5693,-0.2603,2.0
0.2194,0.809,0.4978,0.4487,0.817,-0.279,3.0
0.0703,0.7646,0.4292,0.9697,0.7363,0.1848,4.0
-0.275,0.1971,0.6704,0.6836,0.28,-0.466,5.0
-0.2612,0.3833,0.1652,0.6855,0.5527,0.1597,6.0
-0.2979,0.748,0.1721,0.4917,0.525,-0.1,7.0
0.283,0.9727,0.4717,0.732,0.35,-0.1257,8.0
-0.06573,0.941,0.313,0.7866,0.8843,-0.003967,9.0
-0.2191,0.7544,0.2439,0.721,0.698,-0.01047,10.0
-0.222,0.4,0.311,0.6914,0.3726,-0.235,11.0
0.3242,0.696,0.635,0.763,0.7427,0.0847,1.0
-0.2515,0.3335,0.1754,0.722,0.5244,-0.4478,2.0
-0.05426,0.6206,0.396,0.6577,0.709,-0.2598,3.0
-0.2052,0.2598,0.693,0.923,0.9263,-0.3137,4.0
-0.1042,0.388,0.543,0.707,0.703,-0.155,5.0
-0.256,0.3293,0.1931,0.688,0.356,0.03094,6.0
-0.2399,0.2174,0.2379,0.697,0.3982,0.3286,7.0
-0.2534,0.271,0.2507,0.2866,0.3633,-0.05585,8.0
-0.2886,0.1746,0.5815,0.897,0.5337,0.405,9.0
-0.2593,0.1075,0.5864,0.2172,0.5073,-0.4639,10.0
-0.3042,0.1573,0.709,0.9185,0.4387,0.1973,11.0
-0.2445,0.3018,0.1764,0.61,0.886,0.2727,1.0
-0.05563,0.4573,0.5146,0.47,0.6035,-0.05075,2.0
-0.2805,0.62,0.1892,0.79,0.616,-0.3513,3.0
0.01933,0.8994,0.3645,0.945,0.821,0.1796,4.0
-0.0759,0.5757,0.3975,0.557,0.3713,-0.3105,5.0
-0.2676,0.4275,0.1582,0.4827,0.3994,-0.2211,6.0
-0.2534,0.283,0.301,0.7144,0.752,0.3767,7.0
0.0847,0.391,0.9224,0.2283,0.3208,-0.3386,8.0
-0.2524,0.3416,0.1685,0.745,0.7476,0.1957,9.0
-0.1588,0.5015,0.07837,0.703,0.9624,-0.02637,10.0
-0.2305,0.2944,0.408,0.692,0.4688,0.1749,11.0
-0.2273,0.264,0.5386,0.582,0.1658,0.2294,1.0
-0.1704,0.3303,0.514,0.8286,0.4666,-0.4668,2.0
-0.1394,0.335,0.595,0.384,0.3162,-0.09827,3.0
-0.1833,0.3376,0.469,0.4062,0.3862,-0.059,4.0
-0.255,0.3186,0.2001,0.4968,0.311,-0.1342,5.0
-0.2064,0.318,0.439,0.6445,0.4502,-0.2361,6.0
-0.006535,0.404,0.05533,0.3267,0.3328,0.0212,7.0
-0.2603,0.2095,0.7676,0.612,0.629,-0.4011,8.0
-0.2482,0.3257,0.2808,0.3516,0.8867,-0.4922,9.0
-0.2327,0.0751,0.786,0.5693,0.8076,-0.4133,10.0
-0.214,0.2852,0.505,0.4507,0.4934,-0.1764,11.0
0.3013,0.349,0.01175,0.5396,0.8564,-0.0692,1.0
-0.2267,0.135,0.3384,0.4653,0.6826,-0.05588,2.0
-0.2695,0.807,0.093,0.5522,0.1509,-0.02057,3.0
-0.2407,0.4763,0.2568,0.938,0.2476,0.1774,4.0
-0.2556,0.3384,0.1843,0.768,0.4285,-0.1807,5.0
-0.2563,0.1382,0.422,0.9663,0.4087,0.05704,6.0
-0.2532,0.571,0.2278,0.9478,0.7896,-0.00915,7.0
-0.2805,0.0393,0.7114,0.39,0.279,-0.4482,8.0
-0.3381,0.04987,0.888,0.8687,0.2465,0.3801,9.0
-0.2979,0.1709,0.716,0.4946,0.2512,0.05835,10.0
-0.26,0.4004,0.2266,0.5903,0.682,0.0311,11.0
0.1605,0.531,0.678,0.5117,0.6294,0.1459,1.0
-0.2642,0.1917,0.3884,0.823,0.4636,-0.4387,2.0
-0.1799,0.363,0.433,0.6074,0.613,0.01092,3.0
-0.148,0.2737,0.918,0.8896,0.2411,0.398,4.0
-0.1481,0.3486,0.536,0.806,0.693,0.11725,5.0
-0.2351,0.08826,0.573,0.7354,0.4421,-0.136,6.0
-0.2268,0.27,0.5034,0.7837,0.6323,0.03134,7.0
0.3396,0.04233,0.12415,0.4563,0.5845,0.1287,8.0
-0.265,0.2048,0.3865,0.3608,0.885,0.2178,9.0
-0.2172,0.2556,0.663,0.787,0.422,0.199,10.0
-0.2563,0.2246,0.5317,0.222,0.2192,-0.4795,11.0
0.04398,0.513,0.571,0.3994,0.6753,0.2107,1.0
-0.1542,0.078,0.1704,0.2693,0.332,-0.1207,2.0
0.11255,0.6133,0.541,0.581,0.571,0.4133,3.0
0.1142,0.9414,0.02707,0.699,0.1764,0.1669,4.0
-0.3438,0.05566,0.3105,0.749,0.2517,-0.314,5.0
-0.1577,0.911,0.2688,0.6772,0.7603,0.346,6.0
-0.2108,0.237,0.169,0.874,0.457,-0.1526,7.0
-0.2024,0.4001,0.3484,0.5786,0.2527,-0.1365,8.0
-0.268,0.1381,0.4739,0.4019,0.783,-0.385,9.0
-0.2615,0.2056,0.916,0.2922,0.619,0.46,10.0
-0.0594,0.796,0.3416,0.821,0.3794,-0.04236,11.0
-0.257,0.324,0.2379,0.561,0.4065,0.1643,1.0
0.03302,0.4236,0.713,0.9233,0.5083,-0.04404,2.0
-0.1871,0.363,0.4172,0.833,0.2678,0.04645,3.0
-0.1179,0.4502,0.0725,0.7397,0.332,0.3413,4.0
-0.2472,0.2212,0.7534,0.501,0.517,-0.3638,5.0
-0.1898,0.568,0.297,0.474,0.6494,0.1724,6.0
-0.2888,0.1846,0.794,0.6626,0.838,0.1107,7.0
-0.2637,0.07983,0.5947,0.4414,0.4612,0.255,8.0
-0.239,0.9346,0.217,0.6123,0.3594,-0.2761,9.0
-0.2825,0.556,0.1792,0.548,0.4683,-0.4583,10.0
-0.242,0.1558,0.3284,0.4106,0.612,0.3362,11.0
0.2996,0.872,0.5166,0.7812,0.5967,0.26,1.0
-0.253,0.3513,0.2563,0.6304,0.2988,-0.009995,2.0
-0.00413,0.498,0.531,0.7007,0.3647,-0.0639,3.0
-0.2341,0.275,0.447,0.655,0.1211,0.2433,4.0
0.1902,0.1519,0.05807,0.765,0.4834,-0.4248,5.0
-0.1337,0.0783,0.1047,0.712,0.8677,0.2742,6.0
-0.05792,0.6333,0.3901,0.3123,0.9404,0.1489,7.0
-0.1329,0.3074,0.7314,0.4736,0.8057,-0.133,8.0
0.0821,0.5435,0.5723,0.6685,0.8647,-0.42,9.0
0.0213,0.633,0.4524,0.715,0.4204,0.153,10.0
-0.2443,0.2352,0.602,0.283,0.9097,-0.1796,11.0
-0.2554,0.2343,0.4526,0.6904,0.6313,-0.04587,1.0
-0.01826,0.514,0.5005,0.5103,0.3215,0.2327,2.0
-0.169,0.3604,0.4656,0.553,0.2788,0.2979,3.0
-0.2546,0.334,0.257,0.633,0.891,0.271,4.0
-0.12036,0.892,0.05533,0.2148,0.8237,-0.2708,5.0
-0.2737,0.6484,0.2008,0.3857,0.738,-0.0299,6.0
0.656,0.627,0.993,0.577,0.3518,0.08,7.0
0.2079,0.5894,0.6465,0.6597,0.667,0.09125,8.0
-0.1826,0.4255,0.366,0.5664,0.4578,0.2205,9.0
-0.2487,0.411,0.2537,0.2294,0.6074,-0.2288,10.0
-0.2383,0.371,0.1348,0.83,0.1278,0.0712,11.0
-0.0819,0.4497,0.4873,0.5874,0.647,-0.1092,1.0
-0.1,0.4614,0.06793,0.7837,0.4968,0.0447,2.0
-0.2637,0.458,0.2124,0.975,0.473,-0.446,3.0
-0.3164,0.9497,0.1559,0.6606,0.6953,0.1675,4.0
-0.2761,0.6416,0.1989,0.916,0.3977,0.2534,5.0
-0.2101,0.5586,0.2783,0.841,0.588,0.1862,6.0
-0.3074,0.7534,0.1587,0.3691,0.4875,0.3267,7.0
-0.002588,0.3953,0.7334,0.4226,0.838,0.397,8.0
0.5054,0.883,0.6157,0.991,0.8945,0.2101,9.0
-0.05298,0.5063,0.469,0.5923,0.6577,0.2483,10.0
-0.2966,0.647,0.1638,0.697,0.2878,-0.01819,11.0
0.3743,0.663,0.7056,0.4844,0.6865,0.2817,1.0
-0.10266,0.3315,0.722,0.518,0.8594,0.3184,2.0
0.04,0.084,0.10895,0.557,0.2615,-0.3718,3.0
-0.2766,0.481,0.1826,0.3557,0.1989,-0.003872,4.0
-0.1047,0.501,0.413,0.5015,0.4255,-0.0943,5.0
-0.142,0.393,0.4678,0.5205,0.6226,0.1682,6.0
-0.0661,0.3699,0.6694,0.4028,0.637,-0.12103,7.0
-0.2235,0.2822,0.474,0.4426,0.845,0.02802,8.0
-0.2285,0.06964,0.3787,0.5205,0.5903,-0.1464,9.0
-0.1624,0.3567,0.4827,0.4133,0.513,-0.09344,10.0
-0.2712,0.4292,0.1802,0.4092,0.4395,0.0692,11.0
-0.004917,0.6436,0.427,0.477,0.518,0.1852,1.0
-0.11676,0.2903,0.9155,0.579,0.1045,0.1461,2.0
0.0145,0.0366,0.1742,0.4973,0.4404,0.422,3.0
-0.2299,0.2373,0.7275,0.9526,0.565,-0.1282,4.0
-0.2766,0.1705,0.4678,0.691,0.678,0.1145,5.0
-0.3015,0.1711,0.8564,0.392,0.7495,-0.0733,6.0
-0.1908,0.2578,0.817,0.5845,0.4177,0.003717,7.0
-0.304,0.1257,0.732,0.8228,0.9937,-0.2053,8.0
-0.259,0.3452,0.205,0.2966,0.759,-0.3508,9.0
0.02373,0.106,0.1338,0.4783,0.7134,0.321,10.0
-0.2622,0.164,0.3901,0.5635,0.7246,0.09955,11.0
-0.2837,0.1907,0.782,0.609,0.621,0.3113,1.0
0.231,0.0568,0.1895,0.2717,0.745,-0.4287,2.0
-0.1708,0.2666,0.8438,0.999,0.1725,-0.1704,3.0
-0.1857,0.2847,0.637,0.7344,0.3506,-0.1646,4.0
-0.2517,0.6177,0.2256,0.5503,0.659,-0.2208,5.0
-0.256,0.326,0.196,0.2417,0.3176,-0.01374,6.0
-0.1796,0.515,0.3218,0.9004,0.7476,-0.0987,7.0
-0.1974,0.3762,0.3784,0.6895,0.5938,-0.1232,8.0
-0.2021,0.12054,0.3257,0.8022,0.2148,0.4216,9.0
-0.2042,0.2673,0.6543,0.89,0.196,0.10406,10.0
-0.1995,0.294,0.535,0.2874,0.586,-0.1844,11.0
-0.3127,0.0628,0.3948,0.796,0.149,0.01712,1.0
-0.2578,0.1078,0.5723,0.647,0.3826,0.4673,2.0
0.0758,0.4778,0.04077,0.4966,0.5815,-0.4797,3.0
-0.2068,0.329,0.4211,0.646,0.2637,0.0933,4.0
-0.266,0.056,0.3708,0.743,0.326,0.379,5.0
