Date,Q_ke,Q_assim_base,Q_assim_Budyko,ET_ke,ET_assim_base,ET_assim_Budyko,S_ke,S_assim_base,S_assim_Budyko,G_ke,G_assim_base,G_assim_Budyko,Qs_ke,Qs_assim_base,Qs_assim_Budyko,Qb_ke,Qb_assim_base,Qb_assim_Budyko,Perc_ke,Perc_assim_base,Perc_assim_Budyko,omega_true,omega_mlr
2000-01-01,214.12704794993402,0.012812062490721244,0.012636361062446274,3.2046353816986084,1.6137106165413795,1.8525655647542587,50.49665183782576,1.2322220398258137,0.8567227195693448,449.4927250112057,0.21353437484535406,0.21060601770743792,185.43602294921877,0.0,0.0,28.691025000715257,0.012812062490721244,0.012636361062446274,2.657718517780303,0.0,0.0,5.102632690250653,6.589741069973844
2000-02-01,66.22485720119428,0.01627031250494185,0.013547223414152978,11.425028800964355,8.620502918874674,9.094132819456172,7.963382356190678,1.1522473913913658,0.30522951825401096,422.9171393744712,0.03399619842445993,0.031121504066476412,39.23014617729186,0.0,0.0,26.99471102390242,0.01627031250494185,0.013547223414152978,0.41912538716793046,0.057637500237010114,0.015181039195111712,10.0,7.156457054126304
2000-03-01,38.05085204527238,7.2289554828701235,6.551168702698759,13.168955920701025,19.03364463870582,18.186626765568466,0.0,0.0,0.0,397.5421110120029,0.004881854093752445,0.004469047983946011,12.675823682804106,7.226915710964656,6.549301412454771,25.37502836246827,0.002039771905467596,0.0018672902439885847,0.0,0.0,0.0,10.0,6.94581259323354
2000-04-01,37.930625720778764,14.07839197130422,14.078367202937631,13.519524765014648,27.597623825073242,27.597623825073242,0.0,0.0,0.0,373.68958435128275,0.0007010342478628509,0.0006417552904946469,14.078099060058594,14.078099060058594,14.078099060058594,23.852526660720173,0.00029291124562514666,0.00026814287903676067,0.0,0.0,0.0,10.0,6.860674471009536
2000-05-01,62.74736688236603,40.32603388334394,40.32603032660649,20.081497955322263,60.40748977661133,60.40748977661133,0.0,0.0,0.0,351.2682092902058,0.00010066851799310536,9.215605971503126e-05,40.325991821289065,40.325991821289065,40.325991821289065,22.421375061076965,4.206205487177105e-05,3.850531742967881e-05,0.0,0.0,0.0,6.5507942075493295,6.06011567779025
2000-06-01,108.28806155155299,87.21197503425171,87.21197452350421,31.802992248535148,117.39629999999995,119.01496124267578,0.0,1.5860775918607215,0.0,330.19211673279347,0.004693468256226932,1.3233610175078484e-05,87.21196899414063,87.21196899414063,87.21196899414063,21.07609255741235,6.040111079586321e-06,5.529363582901876e-06,0.0,0.0,0.0,4.722653165316003,5.1272847926306175
2000-07-01,101.63290761920199,83.09052429681833,81.82138140925099,30.455345153808594,113.86280336090364,112.27672576904297,0.0,0.0,0.0,310.38058972882584,0.0006739820415941871,1.9003464211412696e-06,81.82138061523438,83.09024268872295,81.82138061523438,19.81152700396761,0.00028160809537361594,7.94016610504709e-07,0.0,0.0,0.0,4.392129978288286,4.9210859610639135
2000-08-01,111.93957732708893,93.31678238228187,93.31674205738015,33.329185485839844,110.524451953125,126.64592742919922,0.0,15.796950174740855,0.0,291.7577543450963,0.04669861709264543,2.728897460758862e-07,93.31674194335938,93.31674194335938,93.31674194335938,18.622835383729548,4.0438922495651226e-05,1.1402078526847617e-07,0.0,0.0,0.0,5.409836855625568,5.500387549020498
2000-09-01,58.72152361031516,53.856420406427624,41.21605836598276,20.304014587402342,76.320669140625,61.52007293701172,0.0,0.9762973656887778,0.0,274.25228908439055,0.00958604995551529,3.918696753649724e-08,41.216058349609376,53.853618489402066,41.216058349609376,17.50546526070578,0.002801917025558726,1.637338476455317e-08,0.0,0.0,0.0,4.709553805535492,5.845865365864169
2000-10-01,51.94157533334469,36.2680510438296,35.486437990632474,18.87160949707031,37.9073666015625,54.1509498302861,0.0,17.076173177315855,0.20292877926899294,257.7971517393271,0.05175216513607357,0.000598656191621303,35.48643798828125,36.26747588083227,35.48643798828125,16.455137345063434,0.0005751629973309173,2.3512180521898344e-09,0.0,0.0,0.0,3.731887413557438,6.406069959576483
2000-11-01,33.37151178658772,31.58512759284253,18.053486120521068,10.2809419631958,7.895763647460938,14.669951063551943,3.982243089675902,40.70800687382717,17.536597862107893,242.52633887203564,0.12752237072244557,0.051819852410711985,17.891107177734376,31.552045719587056,18.05345020114957,15.48040460885334,0.03308187325547189,3.591937149727818e-05,0.2095917415618896,0.4996123891217913,0.0,1.8137325438488097,7.940749218989729
2000-12-01,14.552463535199182,24.613984857270204,6.051109976663528,3.6878421306610107,2.8322627197265615,5.266487628231282,0.2796809110641465,37.11330542427856,12.023112914868674,227.98859538478717,0.1277984140381888,0.04291014581571785,0.0,24.56640549906174,6.029278289686315,14.552463535199182,0.047579358208463346,0.02183168697721361,0.014720047950744553,0.6654669327519436,0.3120415972095149,,7.945330336749894
2001-01-01,13.67931572308723,21.7445420221867,1.6488129025858902,0.28732091103121493,2.0515964355468754,3.194163260182827,0.0,34.363402993556235,8.658709104904746,214.30927966169995,0.11972569715834769,0.031705543882973294,0.0,21.6967563393965,1.6246023318685943,13.67931572308723,0.04778568279019808,0.024210570717296036,0.0,0.6686296324651125,0.3605993661392161,3.137613036124171,7.990864124472815
2001-02-01,12.858556779701996,19.620853729093753,0.014362297420120462,0.11122000217437744,3.5709943725585935,4.616607511365102,0.0,30.281538578987576,4.0697152319923,201.45072288199796,0.1065247404568261,0.016558789932034426,0.0,19.57969839658449,0.0,12.858556779701996,0.04115533250926345,0.014362297420120462,0.0,0.5661965113293764,0.20766607978570106,10.0,7.971245420953293
2001-03-01,12.087043372919878,17.704091295981733,0.0009935273959220654,1.8405861854553223,21.068916503906248,5.910301417447622,0.0,10.830707178252037,0.0,189.36367950907808,0.04724810814566914,0.0023778422342401436,0.0,17.697699811554322,0.0,12.087043372919878,0.006391484427409565,0.0009935273959220654,0.0,0.0,0.0,10.0,7.659919955761045
2001-04-01,40.22263620023219,37.52821605877788,28.860958100221556,17.215203857421873,56.90672646536142,46.076019287109375,0.0,0.0,0.0,178.0018587385334,0.006784828329718087,0.00034145814483688456,28.860815429687502,37.52538117228914,28.860815429687502,11.361820770544684,0.002834886488740148,0.00014267053405440862,0.0,0.0,0.0,10.0,6.885334126882472
2001-05-01,61.627627393452634,50.947922958840415,50.94753635662932,22.73687896728515,73.68439483642578,73.68439483642578,0.0,0.0,0.0,167.3217472142214,0.0009743013481475168,4.9033389598576595e-05,50.94751586914063,50.94751586914063,50.94751586914063,10.680111524312004,0.0004070896997830852,2.048748869021307e-05,0.0,0.0,0.0,7.830378084014196,6.058817260550288
2001-06-01,107.9040265125408,97.86478013776839,97.86472462169088,34.46618041992187,106.55560781250004,132.33090209960938,0.0,25.256437613109867,0.0,157.28244238136813,0.07464772805992381,7.041194746355598e-06,97.8647216796875,97.8647216796875,97.8647216796875,10.039304832853285,5.8458080888851005e-05,2.9420033759145957e-06,0.0,0.0,0.0,3.0990199236479974,5.107685681401708
2001-07-01,131.1824543553821,141.9551367666715,121.7455082349717,40.43637695312499,105.7479029483354,135.60101220703132,0.0,0.0,0.0,147.84549583848604,0.01071941374940506,1.0111155655766634e-06,121.74550781250001,141.9506579029879,121.74550781250001,9.436946542882087,0.004478863683595429,4.2247168478133587e-07,0.0,0.0,0.0,3.7466481178773776,4.918005623634119
2001-08-01,44.74136573663729,35.87127915115309,35.87063604699506,18.96765899658203,54.838294982910156,54.838294982910156,0.0,0.0,0.0,138.9747660881769,0.001539307814414566,1.4519619521680882e-07,35.870635986328125,35.870635986328125,35.870635986328125,8.870729750309163,0.0006431648249643036,6.06669339345998e-08,0.0,0.0,0.0,3.9196504027582617,5.608603405899732
2001-09-01,17.012225589314053,8.673831982492304,8.67373963273521,12.168434906005858,20.842174530029297,20.842174530029297,0.0,0.0,0.0,130.6362801228863,0.00022104460214993155,2.085017363313374e-08,8.673739624023439,8.673739624023439,8.673739624023439,8.338485965290614,9.235846886487395e-05,8.711771713008529e-09,0.0,0.0,0.0,4.660316036490917,6.0881487674127275
2001-10-01,30.287398609130992,22.449235064433946,22.449221803008825,15.61230545043945,38.061527252197266,38.061527252197266,0.0,0.0,0.0,122.79810331551312,3.174200486873016e-05,2.994084933718003e-09,22.449221801757815,22.449221801757815,22.449221801757815,7.838176807373177,1.3262676128995893e-05,1.2510104179880242e-09,0.0,0.0,0.0,4.66165006517629,6.5185888258234765
2001-11-01,7.367886198930787,1.9045202921238098e-06,1.7964509602308018e-10,3.1853785514831543,3.1853785514831543,3.1853785514831543,0.0,0.0,0.0,115.43021711658233,4.5581518991496495e-06,4.299505964819052e-10,0.0,0.0,0.0,7.367886198930787,1.9045202921238098e-06,1.7964509602308018e-10,0.0,0.0,0.0,2.997628449738853,6.676742698916618
2001-12-01,6.925813026994939,2.73489113948979e-07,2.5797035788914312e-11,0.0,0.0,0.0,0.0,0.0,0.0,108.50440408958738,6.545506127178896e-07,6.174090565480156e-11,0.0,0.0,0.0,6.925813026994939,2.73489113948979e-07,2.5797035788914312e-11,0.0,0.0,0.0,,7.745766851516293
2002-01-01,6.510264245375243,3.9273036763073376e-08,3.7044543392880936e-12,0.0,0.0,0.0,0.0,0.0,0.0,101.99413984421214,9.399346798628891e-08,8.865994052029504e-12,0.0,0.0,0.0,6.510264245375243,3.9273036763073376e-08,3.7044543392880936e-12,0.0,0.0,0.0,,7.634166854420802
2002-02-01,6.119648390652729,5.639608079177334e-09,5.319596431217702e-13,0.2410738468170166,0.2410738468170166,0.2410738468170166,0.0,0.0,0.0,95.87449145355941,1.3497462002831082e-08,1.2731567458714363e-12,0.0,0.0,0.0,6.119648390652729,5.639608079177334e-09,5.319596431217702e-13,0.0,0.0,0.0,10.0,7.222014624808622
2002-03-01,5.752469487213565,8.098477201698649e-10,7.638940475228618e-14,0.4635169208049774,0.4635169208049774,0.4635169208049774,0.0,0.0,0.0,90.12202196634586,1.9382355436065427e-09,1.828253087071382e-13,0.0,0.0,0.0,5.752469487213565,8.098477201698649e-10,7.638940475228618e-14,0.0,0.0,0.0,10.0,7.417702966914643
2002-04-01,21.144644316027627,15.73732299816317,15.737322998046887,13.934330749511718,29.671653747558594,29.671653747558594,0.0,0.0,0.0,84.71470064836511,2.7833062406189943e-10,2.6253714330345032e-14,15.737322998046876,15.737322998046876,15.737322998046876,5.407321317980751,1.1629413261639256e-10,1.0969518522428292e-14,0.0,0.0,0.0,10.0,6.899941416439561
2002-05-01,31.412911335776908,26.330029296891702,26.330029296875,16.58250732421875,42.91253662109375,42.91253662109375,0.0,0.0,0.0,79.63181860946321,3.996827761528874e-11,3.770033377837546e-15,26.330029296875,26.330029296875,26.330029296875,5.082882038901906,1.6699837443713966e-11,1.5752228598207018e-15,0.0,0.0,0.0,10.0,6.635209868892057
2002-06-01,135.6824501321928,130.9045410156274,130.904541015625,42.72613525390625,121.53996914062502,122.06854064941405,0.0,0.517931364317147,0.0,74.85390949289541,0.0015279247519077287,5.413767930574713e-16,130.904541015625,130.904541015625,130.904541015625,4.777909116567792,2.3980966569173243e-12,2.2620200267025274e-16,0.0,0.0,0.0,4.711709236000746,5.407590390072365
2002-07-01,81.08806074144873,77.01126293881383,76.59682617187501,29.14920654296874,106.26396407916089,105.74603271484375,0.0,0.0,0.0,70.36267492332169,0.00021940999437394977,7.774170748305285e-17,76.59682617187501,77.01117126332872,76.59682617187501,4.491234569573725,9.167548511446372e-05,3.2482607583448275e-17,0.0,0.0,0.0,4.142838186844366,4.960639969736683
2002-08-01,148.02633813211807,143.80459080131843,143.80457763671876,45.951144409179676,103.00873654174804,103.00873654174804,0.0,0.0,0.0,66.14091442792238,3.1507275192099186e-05,1.1163709194566384e-17,143.80457763671876,143.80457763671876,143.80457763671876,4.221760495399302,1.3164599662436985e-05,4.664502448983171e-18,0.0,0.0,0.0,4.422726123162553,5.416307790922358
2002-09-01,41.90601284907378,37.93755987383496,37.93755798339844,19.484389495849605,57.42194747924805,57.42194747924805,0.0,0.0,0.0,62.17245956224704,4.52444471758544e-06,1.6031086403397323e-18,37.93755798339844,37.93755798339844,37.93755798339844,3.968454865675343,1.890436511525951e-06,6.698225516739831e-19,0.0,0.0,0.0,3.2268093960347297,5.909597375276596
2002-10-01,10.23302549121529,6.502678188947152,6.502677917480469,11.625669479370117,18.128347396850586,18.128347396850586,0.0,0.0,0.0,58.44211198851222,6.497102614452689e-07,2.3020640075278546e-19,6.502677917480469,6.502677917480469,6.502677917480469,3.7303475737348224,2.714666830551264e-07,9.618651842038393e-20,0.0,0.0,0.0,2.876591034702929,6.807189990452729
2002-11-01,3.506526719310733,3.898261568671613e-08,1.3812384045167126e-20,1.452646017074585,1.452646017074585,1.452646017074585,0.0,0.0,0.0,54.93558526920148,9.329839354354053e-08,3.3057639148099975e-20,0.0,0.0,0.0,3.506526719310733,3.898261568671613e-08,1.3812384045167126e-20,0.0,0.0,0.0,2.316076619574433,6.648107384128346
2002-12-01,3.296135116152089,5.597903612612431e-09,1.9834583488859983e-21,0.0,0.0,0.0,0.0,0.0,0.0,51.639450153049395,1.3397649312852409e-08,4.747076981667154e-21,0.0,0.0,0.0,3.296135116152089,5.597903612612431e-09,1.9834583488859983e-21,0.0,0.0,0.0,,7.448630905789775
2003-01-01,3.098367009182964,8.038589587711445e-10,2.848246189000292e-22,0.4150199890136719,0.4150199890136719,0.4150199890136719,0.0,0.0,0.0,48.54108314386643,1.923902441325606e-09,6.816802545674031e-22,0.0,0.0,0.0,3.098367009182964,8.038589587711445e-10,2.848246189000292e-22,0.0,0.0,0.0,7.612407615342757,7.858739912207239
2003-02-01,2.9124649886319856,1.1543414647953635e-10,4.0900815274044186e-23,0.0,0.0,0.0,0.0,0.0,0.0,45.62861815523444,2.7627239057435675e-10,9.788928455587905e-23,0.0,0.0,0.0,2.9124649886319856,1.1543414647953635e-10,4.0900815274044186e-23,0.0,0.0,0.0,,7.8936166079620556
2003-03-01,2.7377170893140663,1.6576343434461406e-11,5.8733570733527426e-24,7.061133861541748,7.061133861541748,7.061133861541748,0.0,0.0,0.0,42.890901065920374,3.967271528647764e-11,1.4056901262224226e-23,0.0,0.0,0.0,2.7377170893140663,1.6576343434461406e-11,5.8733570733527426e-24,0.0,0.0,0.0,10.0,7.3013144618205
2003-04-01,11.128605431142724,8.55515136718988,8.5551513671875,12.138787841796875,20.693939208984375,20.693939208984375,0.0,0.0,0.0,40.31744700196515,5.6970019151381895e-12,2.0185710212553985e-24,8.5551513671875,8.5551513671875,8.5551513671875,2.5734540639552224,2.3803629171886587e-12,8.434140757334534e-25,0.0,0.0,0.0,10.0,6.788367641536077
2003-05-01,84.15437396855542,81.73532714843785,81.7353271484375,30.43383178710937,97.23350273437497,112.16915893554688,0.0,14.635001441842292,0.0,37.898400181847244,0.04317402344054722,2.898667986522751e-25,81.7353271484375,81.7353271484375,81.7353271484375,2.419046820117909,3.4182011490829133e-13,1.211142612753239e-25,0.0,0.0,0.0,7.893418389685428,6.137916201855518
2003-06-01,65.51880147184833,74.95548905581778,63.2448974609375,25.811224365234374,103.69112326801417,89.05612182617188,0.0,0.0,0.0,35.62449617093641,0.006199789766062579,4.162487228646667e-26,63.2448974609375,74.95289861441134,63.2448974609375,2.2739040109108344,0.0025904414064328333,1.7392007919136505e-26,0.0,0.0,0.0,3.6672106004863156,5.123437366751893
2003-07-01,58.48638944799056,56.34929166512034,56.34891967773438,24.08722991943359,80.43614959716797,80.43614959716797,0.0,0.0,0.0,33.48702640068023,0.0008902898104065862,5.977331660336613e-27,56.34891967773438,56.34891967773438,56.34891967773438,2.1374697702561845,0.0003719873859637547,2.4974923371880002e-27,0.0,0.0,0.0,4.240204554452468,4.8815779304157125
2003-08-01,33.749422389704876,31.740254223052688,31.740200805664063,17.935050201416015,49.67525100708008,49.67525100708008,0.0,0.0,0.0,31.477804816639416,0.00012784561677438568,8.583448264243372e-28,31.740200805664063,31.740200805664063,31.740200805664063,2.0092215840408136,5.341738862439517e-05,3.586398996201968e-28,0.0,0.0,0.0,5.501533017074708,5.634636723191138
2003-09-01,38.586031570248366,36.697370951987004,36.69736328125,19.1743408203125,55.8717041015625,55.8717041015625,0.0,0.0,0.0,29.589136527641053,1.8358630568801777e-05,1.232583170745348e-28,36.69736328125,36.69736328125,36.69736328125,1.8886682889983648,7.670737006463141e-06,5.150068958546023e-29,0.0,0.0,0.0,6.0128826187133315,6.052014550946895
2003-10-01,5.309922318855729,3.5345752287151,3.5345741271972657,10.883643531799317,14.418217658996582,14.418217658996582,0.0,0.0,0.0,27.81378833598259,2.636299349679935e-06,1.7699894331903198e-29,3.5345741271972657,3.5345741271972657,3.5345741271972657,1.775348191658463,1.1015178341281066e-06,7.395499024472087e-30,0.0,0.0,0.0,5.863453982638136,6.470427319035857
2003-11-01,1.6688273001589553,1.581779609807961e-07,1.0619936599141917e-30,0.36158305406570435,0.36158305406570435,0.36158305406570435,0.0,0.0,0.0,26.144961035823634,3.785725866140387e-07,2.5417048260612982e-30,0.0,0.0,0.0,1.6688273001589553,1.581779609807961e-07,1.0619936599141917e-30,0.0,0.0,0.0,3.5335311524954984,7.6882299461343315
2003-12-01,1.568697662149418,2.271435519684232e-08,1.5250228956367788e-31,0.0,0.0,0.0,0.0,0.0,0.0,24.576263373674216,5.436302343777593e-08,3.6498881302240226e-31,0.0,0.0,0.0,1.568697662149418,2.271435519684232e-08,1.5250228956367788e-31,0.0,0.0,0.0,,7.771496692106516
2004-01-01,1.474575802420453,3.2617814062665556e-09,2.1899328781344135e-32,0.0,0.0,0.0,0.0,0.0,0.0,23.101687571253763,7.806530165664624e-09,5.241239355001696e-32,0.0,0.0,0.0,1.474575802420453,3.2617814062665556e-09,2.1899328781344135e-32,0.0,0.0,0.0,,7.9362839430255105
2004-02-01,1.3861012542752258,4.683918099398774e-10,3.144743613001017e-33,0.09290153533220291,0.09290153533220291,0.09290153533220291,0.0,0.0,0.0,21.715586316978538,1.1210177317894396e-09,7.52641971378243e-33,0.0,0.0,0.0,1.3861012542752258,4.683918099398774e-10,3.144743613001017e-33,0.0,0.0,0.0,10.0,8.013992728431825
2004-03-01,32.01258788897965,30.709652710028198,30.709652709960938,17.677413177490234,19.8254396484375,25.484330492914896,0.0,27.986680702822326,22.441703331044263,20.412651137959827,0.0825621791580553,0.06620420431745333,30.709652709960938,30.709652709960938,30.709652709960938,1.3029351790187123,6.726106390736637e-11,4.5158518282694585e-34,0.0,0.0,0.0,10.0,7.493993281350173
2004-04-01,14.37669998624634,35.5462392109761,31.10927583506321,13.287985229492186,54.42660685028328,48.88162947850519,0.0,0.0,0.0,19.18789206968224,0.011855928927096734,0.009506923739986295,13.151940917968751,35.54128548022661,31.105303582804165,1.2247590682775895,0.004953730749483318,0.003972252259047199,0.0,0.0,0.0,10.0,6.814186720798102
2004-05-01,104.59869784058719,103.44813567214189,103.44799473183066,35.86185607910156,93.92973515624999,119.87817514982682,0.0,44.46605499359156,19.03995709708542,18.036618545501305,0.13287971067160598,0.057534068387384174,103.44742431640626,103.44742431640626,103.44742431640626,1.1512735241809342,0.0007113557356258041,0.0005704154243991777,0.0,0.0,0.0,10.0,6.266397960015024
2004-06-01,49.07505599944883,83.57367566423231,63.22827660849033,21.998214721679688,113.93185781250003,89.03103070548386,0.0,0.5146970884975746,0.0,16.954421432771227,0.02059990991495611,0.008261892220428363,47.99285888671875,83.56570288159202,63.22482456438709,1.0821971127300782,0.007972782640296359,0.0034520441032430504,0.0,0.0,0.0,3.070536964211495,5.270111259675668
2004-07-01,38.58838345002878,37.984111829455465,37.57161387759573,19.39277954101562,57.478594793575695,56.963897705078125,0.0,0.0,0.0,15.937156146804954,0.002958147063787695,0.001186407722853513,37.571118164062504,37.982875834860565,37.571118164062504,1.0172652859662736,0.0012359945948973666,0.0004957135332257017,0.0,0.0,0.0,4.421351386544204,4.938624050276536
2004-08-01,44.116873900058295,43.16082202007383,43.16071571571337,20.7901611328125,63.9508056640625,63.9508056640625,0.0,0.0,0.0,14.980926777996658,0.0004247899183599129,0.00017036814900176444,43.16064453125,43.16064453125,43.16064453125,0.9562293688082972,0.0001774888238272617,7.118446337121077e-05,0.0,0.0,0.0,5.635113161636279,5.369729633566866
2004-09-01,45.09259950316418,44.19376938387948,44.19375411857332,21.04843597412109,65.24217987060547,65.24217987060547,0.0,0.0,0.0,14.082071171316858,6.099983227648346e-05,2.446486619665336e-05,44.19374389648438,44.19374389648438,44.19374389648438,0.8988556066797995,2.5487395101594774e-05,1.0222088940105866e-05,0.0,0.0,0.0,5.966068091392044,5.878953021900528
2004-10-01,22.565615188247765,21.72069457795869,21.720692385860726,15.430172729492185,37.15086364746094,37.15086364746094,0.0,0.0,0.0,13.237146901037846,8.759575914903022e-06,3.5131547858394222e-06,21.720690917968753,21.720690917968753,21.720690917968753,0.8449242702790115,3.6599899365890073e-06,1.4678919717992016e-06,0.0,0.0,0.0,5.019267758499078,6.4604160661398335
2004-11-01,0.7942288140622707,5.255745548941814e-07,2.1078928715036532e-07,0.31951385736465454,0.31951385736465454,0.31951385736465454,0.0,0.0,0.0,12.442918086975576,1.257875101380074e-06,5.044890272465406e-07,0.0,0.0,0.0,0.7942288140622707,5.255745548941814e-07,2.1078928715036532e-07,0.0,0.0,0.0,3.022053249252785,6.67851798196856
2004-12-01,0.7465750852185346,7.547250608280443e-08,3.0269341634792435e-08,0.9377861618995667,0.9377861618995667,0.9377861618995667,0.0,0.0,0.0,11.696343001757041,1.8063086455817857e-07,7.244462431260321e-08,0.0,0.0,0.0,0.7465750852185346,7.547250608280443e-08,3.0269341634792435e-08,0.0,0.0,0.0,2.856085170434583,7.284177457503063
2005-01-01,0.7017805801054224,1.0837851873490714e-08,4.346677458756192e-09,0.0023230768274515867,0.0023230768274515867,0.0023230768274515867,0.0,0.0,0.0,10.994562421651619,2.5938592150554422e-08,1.0403048051289811e-08,0.0,0.0,0.0,0.7017805801054224,1.0837851873490714e-08,4.346677458756192e-09,0.0,0.0,0.0,7.274938911000482,7.906853686670584
2005-02-01,0.6596737452990971,1.5563155290332653e-09,6.241828830773887e-10,0.0,0.0,0.0,0.0,0.0,0.0,10.334888676352522,3.724781832819615e-09,1.493877700165217e-09,0.0,0.0,0.0,0.6596737452990971,1.5563155290332653e-09,6.241828830773887e-10,0.0,0.0,0.0,,7.625947902096043
2005-03-01,0.6200933205811513,2.2348690996917688e-10,8.963266200991301e-11,3.142382860183716,3.142382860183716,3.142382860183716,0.0,0.0,0.0,9.71479535577137,5.348786711928964e-10,2.1452083774372518e-10,0.0,0.0,0.0,0.6200933205811513,2.2348690996917688e-10,8.963266200991301e-11,0.0,0.0,0.0,10.0,7.151468954762127
2005-04-01,6.194089198397064,5.611201477082874,5.611201477063653,11.402800369262696,17.014001846313477,17.014001846313477,0.0,0.0,0.0,9.131907634425088,7.680857718329985e-11,3.08051922999989e-11,5.611201477050781,5.611201477050781,5.611201477050781,0.5828877213462822,3.209272027157378e-11,1.287125026462351e-11,0.0,0.0,0.0,10.0,6.79586472257082
2005-05-01,54.674422026424885,54.12650756836399,54.12650756836123,23.53162689208984,77.65813446044922,77.65813446044922,0.0,0.0,0.0,8.583993176359582,1.1029711683521864e-11,4.42362561427984e-12,54.12650756835938,54.12650756835938,54.12650756835938,0.5479144580655053,4.608514630997991e-12,1.848311537999934e-12,0.0,0.0,0.0,9.991063268333006,5.984348349797319
2005-06-01,175.28453421948785,174.76949462890693,174.76949462890653,53.69237365722654,57.25807168579103,57.25807168579103,0.0,0.0,0.0,8.068953585778008,1.5838665977537396e-12,6.352326382105847e-13,174.76949462890627,174.76949462890627,174.76949462890627,0.5150395905815749,6.617827010113118e-13,2.654175368567904e-13,0.0,0.0,0.0,3.907190697126067,4.917640734205084
2005-07-01,46.249139656552934,45.765002441406345,45.76500244140629,21.44125061035156,67.20625305175781,67.20625305175781,0.0,0.0,0.0,7.584816370631327,2.2744324343743694e-13,9.121940684703999e-14,45.76500244140625,45.76500244140625,45.76500244140625,0.48413721514668046,9.503199586522437e-14,3.811395829263508e-14,0.0,0.0,0.0,3.29294072201593,5.041066621609587
2005-08-01,54.492820915831636,54.03773193359377,54.03773193359376,23.509432983398433,77.54716491699219,77.54716491699219,0.0,0.0,0.0,7.129727388393448,3.266084975761594e-14,1.3099106823234933e-14,54.037731933593754,54.037731933593754,54.037731933593754,0.45508898223787964,1.3646594606246216e-14,5.473164410822399e-15,0.0,0.0,0.0,4.963827596200566,5.472959836721529
2005-09-01,1.605891858635638,1.1781082153320332,1.1781082153320321,10.294527053833008,11.472635269165039,11.472635269165039,0.0,0.0,0.0,6.701943745089841,4.690098025193647e-15,1.881031739816536e-15,1.1781082153320312,1.1781082153320312,1.1781082153320312,0.42778364330360685,1.959650985456956e-15,7.85946409394096e-16,0.0,0.0,0.0,5.637681307630157,5.985581305417193
2005-10-01,23.595640794627265,23.193524169921876,23.193524169921876,15.798381042480468,38.991905212402344,38.991905212402344,0.0,0.0,0.0,6.299827120384451,6.734980764178078e-16,2.7011615783765445e-16,23.193524169921876,23.193524169921876,23.193524169921876,0.40211662470539045,2.814058815116188e-16,1.1286190438899215e-16,0.0,0.0,0.0,4.938507582527683,6.354647789326727
2005-11-01,10.817839480738693,10.439849853515625,10.439849853515625,12.609962463378906,20.935045605468748,23.04981231689453,0.0,2.0721964575247824,0.0,5.921837493161385,0.006113088460183837,3.878868026548717e-17,10.439849853515625,10.439849853515625,10.439849853515625,0.37798962722306706,4.0409884585068466e-17,1.6206969470259265e-17,0.0,0.0,0.0,4.114264068806663,6.827273502009508
2005-12-01,0.35531024958968305,0.00036678530761103024,2.3273208159292302e-18,1.4199384450912476,3.49213490261603,1.4199384450912476,0.0,0.0,0.0,5.566527243571701,0.0008778395028823991,5.5700544861239575e-18,0.0,0.0,0.0,0.35531024958968305,0.00036678530761103024,2.3273208159292302e-18,0.0,0.0,0.0,3.259205993956887,7.657158203650437
2006-01-01,0.33399163461430204,5.267037017294394e-05,3.342032691674374e-19,0.7776969075202942,0.7776969075202942,0.7776969075202942,0.0,0.0,0.0,5.2325356089573996,0.0001260577526139124,7.998598242074003e-19,0.0,0.0,0.0,0.33399163461430204,5.267037017294394e-05,3.342032691674374e-19,0.0,0.0,0.0,5.954931346732331,7.670266043892739
2006-02-01,0.31395213653744397,7.563465156834744e-06,4.7991589452444013e-20,0.0,0.0,0.0,0.0,0.0,0.0,4.9185834724199555,1.810189327535783e-05,1.1485987075618268e-19,0.0,0.0,0.0,0.31395213653744397,7.563465156834744e-06,4.7991589452444013e-20,0.0,0.0,0.0,,7.84849344312878
2006-03-01,0.2951150083451973,1.0861135965214697e-06,6.89159224537096e-21,6.158188819885254,6.158188819885254,6.158188819885254,0.0,0.0,0.0,4.623468464074758,2.599431874341383e-06,1.6493877440587825e-20,0.0,0.0,0.0,0.2951150083451973,1.0861135965214697e-06,6.89159224537096e-21,0.0,0.0,0.0,10.0,7.418262882515275
2006-04-01,14.321812709895267,14.044404758016695,14.044404602050783,13.511101150512694,27.555505752563477,27.555505752563477,0.0,0.0,0.0,4.346060356230272,3.7327841715542233e-07,2.3685208004684117e-21,14.044404602050783,14.044404602050783,14.044404602050783,0.2774081078444855,1.5596591246048296e-07,9.896326464352695e-22,0.0,0.0,0.0,10.0,6.787106479539429
2006-05-01,21.060714793248817,20.799951194271706,20.799951171875,15.199987792968749,35.99993896484375,35.99993896484375,0.0,0.0,0.0,4.085296734856456,5.360278070351863e-08,3.4011958694726383e-22,20.799951171875,20.799951171875,20.799951171875,0.2607636213738163,2.239670502932534e-08,1.421112480281047e-22,0.0,0.0,0.0,10.0,6.174720686615705
2006-06-01,33.40567078260701,33.16055298173179,33.160552978515625,18.290138244628906,51.45069122314453,51.45069122314453,0.0,0.0,0.0,3.840178930765069,7.697359309025278e-09,4.8841172685627064e-23,33.160552978515625,33.160552978515625,33.160552978515625,0.24511780409138736,3.2161668422111175e-09,2.040717521683583e-23,0.0,0.0,0.0,6.33251912109306,5.193338339024788
2006-07-01,18.69952084326778,18.46911010788372,18.469110107421876,14.617277526855467,33.086387634277344,33.086387634277344,0.0,0.0,0.0,3.6097681949191647,1.1053407967760295e-09,7.013592397656048e-24,18.469110107421876,18.469110107421876,18.469110107421876,0.23041073584590413,4.6184155854151664e-10,2.9304703611376236e-24,0.0,0.0,0.0,7.801123017289218,5.4553851987836985
2006-08-01,52.14491250771078,51.92832641608195,51.92832641601563,22.982081604003902,74.91040802001953,74.91040802001953,0.0,0.0,0.0,3.3931821032240146,1.5872693841703785e-10,1.007151868303408e-24,51.92832641601563,51.92832641601563,51.92832641601563,0.21658609169514986,6.632044780656177e-11,4.208155438593629e-25,0.0,0.0,0.0,7.697350358710518,5.8358415858586135
2006-09-01,19.943001326584067,19.73941040040015,19.739410400390625,14.934852600097656,34.67426300048828,34.67426300048828,0.0,0.0,0.0,3.189591177030574,2.2793188356686624e-11,1.4462700828836933e-25,19.739410400390625,19.739410400390625,19.739410400390625,0.20359092619344088,9.52361630502227e-12,6.042911209820448e-26,0.0,0.0,0.0,7.34478836575304,6.2601885082322095
2006-10-01,9.536498761637459,9.345123291016993,9.345123291015625,12.336280822753906,21.68140411376953,21.68140411376953,0.0,0.0,0.0,2.9982157064087396,3.2731018480201987e-12,2.076843839020984e-26,9.345123291015625,9.345123291015625,9.345123291015625,0.1913754706218344,1.3675913014011975e-12,8.67762049730216e-27,0.0,0.0,0.0,6.821599506574291,6.478179942235528
2006-11-01,0.17989294238452436,1.9638611088121192e-13,1.2461063034125903e-27,1.0288383960723877,1.0288383960723877,1.0288383960723877,0.0,0.0,0.0,2.818322764024215,4.700174253757005e-13,2.982347752834132e-27,0.0,0.0,0.0,0.17989294238452436,1.9638611088121192e-13,1.2461063034125903e-27,0.0,0.0,0.0,5.639705177205767,6.772453647237454
2006-12-01,0.1690993658414529,2.8201045522542032e-14,1.789408651700479e-28,0.10886307060718536,0.10886307060718536,0.10886307060718536,0.0,0.0,0.0,2.6492233981827624,6.749450228395057e-14,4.282651373069812e-28,0.0,0.0,0.0,0.1690993658414529,2.8201045522542032e-14,1.789408651700479e-28,0.0,0.0,0.0,4.644361107233527,7.460274786164644
2007-01-01,0.15895340389096574,0.00017344447403359035,2.569590823841887e-29,1.904895305633545,1.8470804809570314,1.904895305633545,0.0,0.05665101225577555,0.0,2.4902699942917965,0.0001671234636277008,6.14988737172825e-29,0.0,0.0,0.0,0.15895340389096574,0.00017344447403359035,2.569590823841887e-29,0.0,0.002890741233825678,0.0,10.0,7.949377544210558
2007-02-01,0.1494161996575078,1.0027407817662048e-05,3.6899324230369495e-30,0.6065877079963684,0.663238720252144,0.6065877079963684,0.0,0.0,0.0,2.3408537946342887,2.399892937693783e-05,8.831238265801758e-30,0.0,0.0,0.0,0.1494161996575078,1.0027407817662048e-05,3.6899324230369495e-30,0.0,0.0,0.0,10.0,7.938872272114365
2007-03-01,11.324553095353838,11.184103307611544,11.184101867675782,12.796025466918945,20.98480166015625,23.980127334594727,0.0,2.9350297686120324,0.0,2.2004025669562313,0.008661938322936255,1.2681658149691326e-30,11.184101867675782,11.184101867675782,11.184101867675782,0.14045122767805732,1.4399357626162697e-06,5.298742959481055e-31,0.0,0.0,0.0,10.0,7.319568770178276
2007-04-01,1.748496779749796,3.965016156921424,1.616472625732422,10.404118156433105,14.955620550777555,12.020590782165527,0.0,0.0,0.0,2.0683784129388574,0.0012438543431736455,1.8210861102956738e-31,1.616472625732422,3.964496440622048,1.616472625732422,0.13202415401737388,0.0005197162993761753,7.608994889814795e-32,0.0,0.0,0.0,10.0,6.792474658647825
2007-05-01,125.47371207977633,125.34968400626059,125.349609375,41.33740234375,104.021162109375,130.27595214843745,0.0,25.726281115576175,0.0,1.944275708162526,0.07607249889631644,2.615079654384588e-32,125.349609375,125.349609375,125.349609375,0.12410270477633144,7.463126059041872e-05,1.0926516661774042e-32,0.0,0.0,0.0,10.0,5.996808475977176
2007-06-01,74.57752080030225,95.04645350020722,74.4608642578125,28.615216064453122,118.34531132812502,103.07608032226562,0.0,10.246549691008202,0.0,1.8276191656727745,0.041151870968065885,3.7552543836962684e-33,74.4608642578125,95.04188915027345,74.4608642578125,0.11665654248975155,0.004564349933778986,1.5690477926307526e-33,0.0,0.0,0.0,4.729791353775556,5.093338282312599
2007-07-01,63.77443986478412,71.86449157990839,63.66478271484375,25.916195678710935,99.82752808456289,89.58097839355469,0.0,0.0,0.0,1.717962015732408,0.005909408671014256,5.392545294987843e-34,63.66478271484375,71.8620224676503,63.66478271484375,0.10965714994036646,0.002469112258083953,2.253152630217761e-34,0.0,0.0,0.0,5.39413586677754,5.180851528199465
2007-08-01,47.7373916857877,47.63466852936401,47.634313964843756,21.908578491210932,69.54289245605469,69.54289245605469,0.0,0.0,0.0,1.6148842947884636,0.0008485910851576467,7.743695043602542e-35,47.634313964843756,47.634313964843756,47.634313964843756,0.10307772094394448,0.00035456452026085537,3.2355271769927057e-35,0.0,0.0,0.0,6.3265692788467875,5.504338126542998
2007-09-01,17.09611485944512,16.999272717222922,16.999221801757812,14.249805450439453,31.249027252197266,31.249027252197266,0.0,0.0,0.0,1.517991237101156,0.00012185767982863801,1.111994608261325e-35,16.999221801757812,16.999221801757812,16.999221801757812,0.09689305768730781,5.0915465109458796e-05,4.646217026161525e-36,0.0,0.0,0.0,6.766184683800091,6.069450874378186
2007-10-01,10.382751227155756,10.291679064390477,10.291671752929688,12.572917938232422,22.86458969116211,22.86458969116211,0.0,0.0,0.0,1.4269117628750865,1.7498762823392412e-05,1.5968242574632627e-36,10.291671752929688,10.291671752929688,10.291671752929688,0.09107947422606935,7.311460789718281e-06,6.67196764956795e-37,0.0,0.0,0.0,6.26982135518362,6.443353390219412
2007-11-01,0.08561470577250518,1.0499257694035446e-06,9.580945544779575e-38,6.278104305267334,6.278104305267334,6.278104305267334,0.0,0.0,0.0,1.3412970571025813,2.51282234143915e-06,2.293039633717245e-37,0.0,0.0,0.0,0.08561470577250518,1.0499257694035446e-06,9.580945544779575e-38,0.0,0.0,0.0,5.223096176530922,6.794038971084516
2007-12-01,0.08047782342615488,1.50769340486349e-07,1.3758237802303468e-38,0.0,0.0,0.0,0.0,0.0,0.0,1.2608192336764263,3.6084128823066174e-07,3.2928049140179606e-38,0.0,0.0,0.0,0.08047782342615488,1.50769340486349e-07,1.3758237802303468e-38,0.0,0.0,0.0,,7.88253248014518
2008-01-01,0.07564915402058557,2.1650477293839705e-08,1.9756829484107762e-39,0.0,0.0,0.0,0.0,0.0,0.0,1.1851700796558409,5.181680898992302e-08,4.728467856529791e-39,0.0,0.0,0.0,0.07564915402058557,2.1650477293839705e-08,1.9756829484107762e-39,0.0,0.0,0.0,,7.856850084963289
2008-02-01,0.07111020477935046,3.1090085393953813e-09,2.8370807139178744e-40,0.06231384351849556,0.06231384351849556,0.06231384351849556,0.0,0.0,0.0,1.1140598748764905,7.440893770952949e-09,6.7900798419767745e-40,0.0,0.0,0.0,0.07111020477935046,3.1090085393953813e-09,2.8370807139178744e-40,0.0,0.0,0.0,10.0,7.907680638942288
2008-03-01,0.06684359249258942,4.464536262571769e-10,4.0740479051860645e-41,2.4714276790618896,2.4714276790618896,2.4714276790618896,0.0,0.0,0.0,1.047216282383901,1.0685123455088431e-09,9.75055465307865e-41,0.0,0.0,0.0,0.06684359249258942,4.464536262571769e-10,4.0740479051860645e-41,0.0,0.0,0.0,10.0,7.340290429985789
2008-04-01,12.626756621962565,12.563923645083642,12.563923645019532,13.140980911254882,25.704904556274414,25.704904556274414,0.0,0.0,0.0,0.984383305440867,1.5343837281506992e-10,1.400179648182094e-41,12.563923645019532,12.563923645019532,12.563923645019532,0.06283297694303407,6.411074073053058e-11,5.85033279184719e-42,0.0,0.0,0.0,10.0,6.898494820114011
2008-05-01,14.177001230748328,14.117938232431083,14.117938232421876,13.529484558105468,27.647422790527344,27.647422790527344,0.0,0.0,0.0,0.925320307114415,2.2033750336244014e-11,2.0106579747894873e-42,14.117938232421876,14.117938232421876,14.117938232421876,0.059062998326452024,9.206302368904194e-12,8.401077889092563e-43,0.0,0.0,0.0,10.0,6.501636751029503
2008-06-01,86.24051677702062,86.18499755859507,86.18499755859375,31.546249389648438,116.82045703125003,117.73124694824219,0.0,0.8924557159631478,0.0,0.8698010886875501,0.0026327912709360572,2.8873048517977023e-43,86.18499755859375,86.18499755859375,86.18499755859375,0.0555192184268649,1.3220250201746408e-12,1.2063947848736924e-43,0.0,0.0,0.0,8.71391826128835,5.439593241901356
2008-07-01,50.89668269422751,51.55861716915303,50.844494628906254,22.71112365722656,74.44807400209596,73.55561828613281,0.0,0.0,0.0,0.8176130233662972,0.0003780688265064176,4.1461697671815e-44,50.844494628906254,51.558459201676776,50.844494628906254,0.05218806532125301,0.00015796747625616343,1.7323829110786213e-44,0.0,0.0,0.0,8.0359634873477,5.181599839570988
2008-08-01,79.44162880288636,79.39259470561397,79.39257202148438,29.848143005371085,109.24071502685547,109.24071502685547,0.0,0.0,0.0,0.7685562419643194,5.4290683486321566e-05,5.953899785672632e-45,79.39257202148438,79.39257202148438,79.39257202148438,0.04905678140197783,2.2684129590385055e-05,2.4877018603089e-45,0.0,0.0,0.0,8.259491616665938,5.414646549460137
2008-09-01,56.55238778858036,56.50627767150351,56.5062744140625,24.126568603515622,69.83786250000001,80.63284301757812,0.0,10.577677559759278,0.0,0.7224428674464602,0.031212500884935154,8.549800092225898e-46,56.5062744140625,56.5062744140625,56.5062744140625,0.046113374517859164,3.257441009179294e-06,3.572339871403579e-46,0.0,0.0,0.0,7.063366296068614,5.815644162487276
2008-10-01,45.72910096657804,54.14976919239177,45.68575439453125,21.42143859863281,38.06733164062501,52.176230905414734,0.0,38.820037853993774,14.630401820922941,0.6790962953996726,0.11900326709961233,0.04316045431627019,45.68575439453125,54.14789644233868,45.68575439453125,0.043346572046787615,0.0018727500530961092,5.129880055335539e-47,0.0,0.0,0.0,4.35397740037676,6.302208292275861
2008-11-01,27.00304857370634,58.058526087217814,38.66107062989577,14.024123191833496,10.770526757812501,19.79400944442596,2.578695859909057,70.2980398306145,37.75350119075749,0.7659281023238246,0.2244717813796592,0.11757265400077908,26.954159545898438,58.010189829093456,38.65848100263679,0.0488890278079037,0.04833625812435931,0.0025896272589762113,0.13572083473205562,0.6866010349730429,0.0,2.054573800510717,7.592520954325179
2008-12-01,0.04595568613942947,48.29738741431572,22.220020601650084,2.578695859909057,6.8971936523437485,12.16227030347079,0.0,62.12458714470218,25.076079409525615,0.7199724161843951,0.21550494502656847,0.09085918532100312,0.0,48.2384318644916,22.202800952605994,0.04595568613942947,0.05895554982411699,0.017219649044088865,0.0,0.7581207156889574,0.16942149673403534,,7.925129163397829
2009-01-01,0.043269260431650254,44.04709314372471,14.376572599642305,2.8238816261291504,2.1687411621093746,2.837576401341347,0.022456562519073485,61.539134336080004,24.58104147574634,0.677885080095854,0.21249019077060516,0.08556274329573842,0.0,43.977685806154824,14.338879618013559,0.043269260431650254,0.06940733756988209,0.03769298162874632,0.001181924343109131,0.9412840144714663,0.5373571751581022,7.233906868350526,8.002387516336487
2009-02-01,0.042841704160972036,45.73476137544969,16.135259479881302,4.846614360809326,3.7222000122070322,4.8012349244645165,0.6867231291532513,62.0884420878108,24.817001697281913,0.6711866985218953,0.21367775879756734,0.08549826927603588,0.0,45.66892686888841,16.102452580621485,0.042841704160972036,0.06583450656128152,0.03280689925981688,0.03614332258701323,0.8847515852507535,0.4612189110345428,10.0,8.00794270517747
2009-03-01,14.400367478671415,63.53639539150769,33.67892653605076,13.590024069190024,11.835940429687499,15.256910239091862,0.0,75.95550383056806,36.08223184795945,0.6309154966105815,0.2547568545322985,0.11872203182918588,14.360096276760101,63.48147144368613,33.66431913126303,0.04027120191131372,0.05492394782155614,0.014607404787733836,0.0,0.7017213715617018,0.15795847718619474,10.0,8.003915497614019
2009-04-01,21.178650828234137,81.92048437416389,50.01370469871481,15.285198974609372,55.973781445312504,71.67811213001745,0.0,55.27222990989279,0.8134043842722504,0.5930605668139467,0.19963906754246064,0.01944806945517566,21.140795898437503,81.90519896289196,50.00658137680506,0.03785492979663489,0.01528541127193791,0.007123321909751152,0.0,0.0,0.0,10.0,6.962363350563932
2009-05-01,42.80466932736822,86.99884796532616,43.420976084944485,20.69227142333984,105.86206640625004,64.27476150097145,0.0,12.612416910254542,0.0,0.5574769328051099,0.06587546286766015,0.0027927427737632245,42.76908569335938,86.98686962127361,43.41980920077717,0.0355836340088368,0.011978344052547638,0.0011668841673105395,0.0,0.0,0.0,6.958039201489872,6.456439972444124
2009-06-01,40.127091804444866,50.18752924445225,40.09381075304299,20.02341079711914,72.72947089585024,60.1170539855957,0.0,0.0,0.0,0.5240283168368033,0.009459716467795998,0.0004010378623123989,40.09364318847656,50.18357671668019,40.09364318847656,0.033448615968306596,0.003952527772059609,0.00016756456642579346,0.0,0.0,0.0,3.5982648433932103,5.584252226702282
2009-07-01,25.813051806432085,25.782177690409945,25.781634169693614,16.445402526855467,42.227012634277344,42.227012634277344,0.0,0.0,0.0,0.4925866178265951,0.0013584152847755052,5.7589037028060455e-05,25.781610107421876,25.781610107421876,25.781610107421876,0.0314416990102082,0.0005675829880677598,2.4062271738743934e-05,0.0,0.0,0.0,4.038456727800188,5.043279028717409
2009-08-01,28.435997457811784,28.406523765659276,28.40644571608441,17.101610565185545,45.508052825927734,45.508052825927734,0.0,0.0,0.0,0.4630314207569994,0.0001950684348937626,8.269785717229477e-06,28.40644226074219,28.40644226074219,28.40644226074219,0.029555197069595703,8.150491708653032e-05,3.455342221683627e-06,0.0,0.0,0.0,5.428121918832732,5.340434267823031
2009-09-01,41.86365835008917,41.83588816894984,41.83587696103089,20.458969116210938,62.29484558105469,62.29484558105469,0.0,0.0,0.0,0.4352495355115794,2.8011827250744296e-05,1.1875412289941523e-06,41.83587646484375,41.83587646484375,41.83587646484375,0.02778188524541996,1.1704106093625755e-05,4.961871430337686e-07,0.0,0.0,0.0,6.230489025291188,6.410525480156054
2009-10-01,53.98699143697444,53.96087814555339,53.96087653609622,23.490219116210938,30.894699609374992,42.12080590695563,0.0,45.61921572076979,34.61909094295945,0.40913456338088466,0.13458310652905658,0.10212830832256901,53.96087646484375,53.96087646484375,53.96087646484375,0.026114972130694764,1.6807096350446577e-06,7.125247373964913e-08,0.0,0.0,0.0,4.492383512497778,6.380639164065955
2009-11-01,0.02454807380285308,29.18028707703915,20.355587060089736,0.8080445528030396,7.150828125,12.501772105690462,0.0,38.485797569422054,22.46387582502988,0.3845864895780316,0.13286125966362317,0.08093523941517362,0.0,29.141808218858262,20.341708396609995,0.02454807380285308,0.03847885818088709,0.013878663479740249,0.0,0.5067311964857283,0.12918274967310178,2.3447379421079093,6.612167514489775
2009-12-01,0.023075189374681896,22.892947470244827,10.048823506688057,0.08897845447063446,7.329963354492188,11.949247948322073,0.0,30.61585459036547,10.39015573573182,0.3615113002033497,0.1093972570371269,0.042273805886153815,0.0,22.85982081911415,10.042283423600413,0.023075189374681896,0.033126651130676435,0.006540083087644505,0.0,0.4192495925143175,0.028066145378901466,2.8385229788968878,7.873070545078168
2010-01-01,0.02169067801220098,16.533627455368727,0.3344632412031661,0.0,2.663188366699218,3.477289725632843,0.0,27.389979052583843,6.773710017315684,0.3398206221911487,0.09651132387796423,0.026053319088932464,0.0,16.492683672292376,0.31212458858545633,0.02169067801220098,0.04094378307634924,0.02233865261770979,0.0,0.5729991275686938,0.33003707107567604,,7.984647417292506
2010-02-01,0.020389237331468923,13.946875449397611,0.007275712696481879,0.0,3.777486511230469,4.869538833600374,0.0,23.13717306649594,1.8658402177871205,0.3194313848596798,0.0821149026984045,0.009245583328458665,0.0,13.911983242067075,0.0,0.020389237331468923,0.03489220733053675,0.007275712696481879,0.0,0.485025464964315,0.09520855918576553,,7.989634429705748
2010-03-01,4.636156544712675,23.131656008979753,6.110217570850498,11.154247665405272,23.88243046874999,17.637078544813484,0.0,14.723507928756637,0.0,0.300265501768099,0.055226822255340535,0.0013276657659666638,4.616990661621094,23.12672911481785,6.1096628358507905,0.01916588309158079,0.00492689416190427,0.0005547349997075199,0.0,0.0,0.0,10.0,7.551540702982436
2010-04-01,39.478440734793594,51.24254475702813,39.460504464633466,19.86510620117187,74.049038934616,59.325531005859375,0.0,0.0,0.0,0.2822495716620131,0.007930571675866901,0.00019065280399281279,39.460424804687506,51.239231147692806,39.460424804687506,0.01801593010608594,0.003313609335320432,7.965994595799983e-05,0.0,0.0,0.0,10.0,6.7250091356388495
2010-05-01,66.93207169304972,66.91561255305056,66.91514815791824,26.728784179687494,93.6439208984375,93.6439208984375,0.0,0.0,0.0,0.2653145973622923,0.001138830092654487,2.737774265336791e-05,66.91513671875,66.91513671875,66.91513671875,0.016934974299720785,0.00047583430055201406,1.1439168239568768e-05,0.0,0.0,0.0,5.210175597335592,6.162665531180631
2010-06-01,92.84240813365425,92.82655758761807,92.82649090047707,33.206622314453114,109.46876718749998,126.03311157226562,0.0,16.230904132300303,0.0,0.24939572152055475,0.04804555625532686,3.931443845023628e-06,92.82648925781251,92.82648925781251,92.82648925781251,0.015918875841737536,6.832980555926921e-05,1.6426645592020746e-06,0.0,0.0,0.0,3.3343606130249106,5.076977442484406
2010-07-01,55.84855749329124,68.82119978921557,55.83359398588664,23.958398437499994,96.02289631980031,79.7919921875,0.0,0.0,0.0,0.23443197822932146,0.006899341878264936,5.645553361453926e-07,55.833593750000006,68.81831705584025,55.833593750000006,0.014963743291233284,0.0028827333753196115,2.3588663070141767e-07,0.0,0.0,0.0,4.337253010950668,4.942887017497892
2010-08-01,48.49049414135001,48.47684218316895,48.47642825652957,22.11910705566406,70.59553527832031,70.59553527832031,0.0,0.0,0.0,0.22036605953556218,0.0009907454937188448,8.107014627047834e-08,48.47642822265625,48.47642822265625,48.47642822265625,0.014065918693759288,0.00041396051269589616,3.3873320168723554e-08,0.0,0.0,0.0,5.815376752187748,5.326606431281077
2010-09-01,79.6847429596659,79.67158044082339,79.67152100095797,29.917880249023426,70.253752734375,94.32954498743227,0.0,38.54382190622095,14.952675351217717,0.20714409596342845,0.11384857146214815,0.04411118981036255,79.67152099609376,79.67152099609376,79.67152099609376,0.01322196357213373,5.944472962313069e-05,4.8642087762287e-09,0.0,0.0,0.0,4.698129337447504,5.940762271252476
2010-10-01,20.66952703442968,51.49898682793637,32.62188534103468,15.164274597167967,44.568103125,50.77404833705757,0.0,29.19727630978986,0.0,0.19471545020562275,0.10248215452607055,0.00633436685676806,20.657098388671876,51.492155913648645,32.61923866964605,0.012428645757805706,0.006830914287728889,0.002646671388621753,0.0,0.0,0.0,3.7965583839764627,6.307243103039943
2010-11-01,0.011682927012337365,16.087806835713405,0.0003800620114060836,0.8949568867683411,11.394663574218752,0.8949568867683411,0.0,18.32118754584176,0.0,0.1830325231932854,0.06876490357501246,0.0009096150806318931,0.0,16.07378655724656,0.0,0.011682927012337365,0.014020278466842898,0.0003800620114060836,0.0,0.13118915325464445,0.0,2.448000901902169,6.729394248422967
2010-12-01,0.010981951391597123,6.688459160883675,5.457690483791359e-05,0.0,2.536494177246094,0.0,0.0,15.46694749108584,0.0,0.17205057180168826,0.05550294816378348,0.0001306207255787398,0.0,6.656950036673408,0.0,0.010981951391597123,0.03150912421026752,5.457690483791359e-05,0.0,0.4563871665961129,0.0,,7.978576388711323
2011-01-01,0.010323034308101295,4.4635179014132955,7.837243534724388e-06,0.0769907757639885,2.7630839721679683,0.0769907757639885,0.0,12.523575697729912,0.0,0.16172753749358695,0.044915429878618685,1.8757136193107028e-05,0.0,4.435150613479863,0.0,0.010323034308101295,0.028367287933433,7.837243534724388e-06,0.0,0.41728518406009985,0.0,3.1253651939898677,7.998680361475984
2011-02-01,0.023854454861919908,8.99940192813796,0.01365142371929914,3.9709014892578125,3.049652453613281,4.137736262983524,4.481087493896484,17.796162730064616,4.458505928842385,0.3737197928367452,0.0589494711148455,0.01315552034496302,0.0,8.969129112871428,0.0,0.023854454861919908,0.030272815266530854,0.01365142371929914,0.23584671020507814,0.45963149123022884,0.22750497151879256,5.037678339714722,8.00911079700027
2011-03-01,0.965171792134872,11.613035821186939,0.9256430685692866,9.627893447875977,7.394222021484377,9.566582192464622,0.5769712896347043,16.752848611609434,1.5550482810573902,0.379841500648468,0.05788692795242941,0.006476606880871705,0.9409265899658209,11.592986778900325,0.9228613379225408,0.02424520216905115,0.020049042286612844,0.0027817306467458193,0.030366909980773918,0.27520123366203525,0.03320665710080064,10.0,8.01698072937965
2011-04-01,32.50148177955917,45.4228663627772,33.26154147907127,18.119672822380068,56.26334355468749,51.57644110332299,0.0,10.299313504879521,0.0,0.3570510106095599,0.0386960790046042,0.0009300407480931772,32.47869128952026,45.41939314710005,33.261152882658415,0.022790490038908078,0.0034732156771457644,0.00038859641285230226,0.0,0.0,0.0,10.0,7.068364925344982
2011-05-01,63.7212094375897,71.94155894559702,63.69984217939801,25.92494659423828,96.4010578125,89.6247329711914,0.0,3.4520709017732454,0.0,0.3356279499729863,0.015740547539208404,0.00013355385142618014,63.69978637695313,71.93923718085675,63.69978637695313,0.021423060636573593,0.002321764740276252,5.5802444885590626e-05,0.0,0.0,0.0,3.905805802890713,6.328466581237134
2011-06-01,75.2899435852015,78.03240706247408,75.2698139214342,28.81745147705078,107.53932828702713,104.0872573852539,0.0,0.0,0.0,0.31549027297460713,0.002260342626630326,1.917833306479945e-05,75.26980590820312,78.03146262962173,75.26980590820312,0.020137676998379175,0.0009444328523525043,8.013231085570809e-06,0.0,0.0,0.0,3.0089478102140084,5.261337418898352
2011-07-01,105.35345090075347,105.3346571049326,105.33452263507499,36.33363037109375,126.85583203124999,141.66815185546875,0.0,14.514147826157236,0.0,0.2965608565961307,0.04314208412281889,2.7540086281051996e-06,105.334521484375,105.334521484375,105.334521484375,0.01892941637847643,0.00013562055759781957,1.150699983887967e-06,0.0,0.0,0.0,3.797185413788795,4.825770581362265
2011-08-01,80.39117011623952,91.98728325081692,80.37337663008428,30.09334411621093,113.03655234374999,110.46672058105469,0.0,11.703876981104454,0.0,0.27876720520036286,0.04072225550657217,3.9547563899590645e-07,80.37337646484376,91.98469472576954,80.37337646484376,0.01779365139576784,0.0025885250473691333,1.6524051768631198e-07,0.0,0.0,0.0,3.6726113921220485,5.160374160614699
2011-09-01,41.64074641805421,50.989565305956155,41.62402040947073,20.406005096435543,73.7339024632822,62.030025482177734,0.0,0.0,0.0,0.26204117288834106,0.005847715890743767,5.679030175981213e-08,41.62402038574219,50.98712197062576,41.62402038574219,0.01672603231202177,0.0024433353303943304,2.3728538339754387e-08,0.0,0.0,0.0,4.450836408341269,5.916688969264863
2011-10-01,24.541491513342052,24.526119905922194,24.52576904637617,16.131442260742187,40.65721130371094,40.65721130371094,0.0,0.0,0.0,0.2463187025150406,0.000839732001910805,8.155087332709017e-09,24.52576904296875,24.52576904296875,24.52576904296875,0.015722470373300462,0.000350862953444626,3.407418105588728e-09,0.0,0.0,0.0,3.8060882680887063,6.222519664100668
2011-11-01,0.014779122150902435,5.03839201146483e-05,4.89305239962541e-10,1.1189969778060913,1.1189969778060913,1.1189969778060913,0.0,0.0,0.0,0.23153958036413816,0.00012058551547439158,1.1710705409770141e-09,0.0,0.0,0.0,0.014779122150902435,5.03839201146483e-05,4.89305239962541e-10,0.0,0.0,0.0,2.3500842093968175,6.669476187349062
2011-12-01,0.013960641690439597,0.0026079737604603266,7.026423245862084e-11,3.638608694076538,2.7944514404296865,3.6613643169403076,0.021617841720581055,0.8494619203064613,0.0,0.21871671981688703,0.0025232733909393234,1.6816572968429916e-10,0.0,0.0,0.0,0.013960641690439597,0.0026079737604603266,7.026423245862084e-11,0.0011377811431884765,0.043345643825531056,0.0,2.102727516265417,7.099348787845743
2012-01-01,0.013123003189013221,0.0001513964034563594,1.0089943781057949e-11,0.6093532562255859,1.4371973348114664,0.5877354145050049,0.0,0.0,0.0,0.20559371662787382,0.00036234205893888663,2.414859878266534e-11,0.0,0.0,0.0,0.013123003189013221,0.0001513964034563594,1.0089943781057949e-11,0.0,0.0,0.0,5.872107853026532,7.426437704632054
2012-02-01,0.012335622997672428,2.1740523536333198e-05,1.4489159269599204e-12,0.6059969663619995,0.6059969663619995,0.6059969663619995,0.0,0.0,0.0,0.19325809363020138,5.203231966362411e-05,3.467738785190742e-12,0.0,0.0,0.0,0.012335622997672428,2.1740523536333198e-05,1.4489159269599204e-12,0.0,0.0,0.0,10.0,7.344072339896879
2012-03-01,0.011595485617812082,3.1219391798174466e-06,2.0806432711144452e-13,8.681549072265625,8.681549072265625,8.681549072265625,0.0,0.0,0.0,0.18166260801238931,7.471841103696423e-06,4.979672895533903e-13,0.0,0.0,0.0,0.011595485617812082,3.1219391798174466e-06,2.0806432711144452e-13,0.0,0.0,0.0,10.0,6.946330715570704
2012-04-01,23.262508032847933,23.251608724677656,23.251608276367218,15.812902069091795,39.064510345458984,39.064510345458984,0.0,0.0,0.0,0.17076285153164594,1.072956382490806e-06,7.150810277986685e-14,23.25160827636719,23.25160827636719,23.25160827636719,0.010899756480743358,4.483104662217853e-07,2.987803737320342e-14,0.0,0.0,0.0,10.0,6.724305389255681
2012-05-01,30.6390543648419,30.628808658127383,30.628808593750005,17.6572021484375,48.2860107421875,48.2860107421875,0.0,0.0,0.0,0.1605170804397472,1.5407653652567963e-07,1.0268563559188877e-14,30.62880859375,30.62880859375,30.62880859375,0.010245771091898757,6.437738294944835e-08,4.29048616679201e-15,0.0,0.0,0.0,6.254077821215651,6.000847966086198
2012-06-01,56.616589032638885,56.606958017057096,56.6069580078125,24.151739501953124,80.75869750976562,80.75869750976562,0.0,0.0,0.0,0.15088605561336235,2.212539064508759e-08,1.4745657270995213e-15,56.6069580078125,56.6069580078125,56.6069580078125,0.00963102482638483,9.244592191540778e-09,6.161138135513326e-16,0.0,0.0,0.0,5.173418103035835,5.254030499929769
2012-07-01,31.636241273688366,31.62718811167909,31.627188110351565,17.90679702758789,49.53398513793945,49.53398513793945,0.0,0.0,0.0,0.14183289227656062,3.177206096634577e-09,2.1174763841149128e-16,31.627188110351565,31.627188110351565,31.627188110351565,0.00905316333680174,1.3275234387052553e-09,8.847394362597127e-17,0.0,0.0,0.0,6.37238739308353,5.058769900190628
2012-08-01,26.89656234170066,26.888052368354696,26.888052368164065,16.722013092041013,43.61006546020508,43.61006546020508,0.0,0.0,0.0,0.133322918739967,4.562467954767251e-10,3.040696087589012e-17,26.888052368164065,26.888052368164065,26.888052368164065,0.008509973536593636,1.9063236579807462e-10,1.2704858304689476e-17,0.0,0.0,0.0,6.810391310725052,5.5188608508179975
2012-09-01,0.00799937512439802,2.7374807728603506e-11,1.824417652553407e-18,4.440219879150391,4.440219879150391,4.440219879150391,0.0,0.0,0.0,0.12532354361556897,6.55170398304577e-11,4.3664395817778205e-18,0.0,0.0,0.0,0.00799937512439802,2.7374807728603506e-11,1.824417652553407e-18,0.0,0.0,0.0,6.956785683218428,6.309726568853845
2012-10-01,43.83280627785131,43.825286865238304,43.825286865234375,20.956321716308594,47.6291279296875,62.71965118017432,0.0,16.80720121633362,2.0204501988790793,0.11780413099863483,0.04958212695034597,0.0059604342774994545,43.825286865234375,43.825286865234375,43.825286865234375,0.007519412616934138,3.931022389827461e-12,2.6198637490666923e-19,0.0,0.0,0.0,6.008405499459591,6.9520492731372885
2012-11-01,0.5739795637778868,14.015647216601888,2.183629101077882,10.141727828979493,13.676476611328125,12.729089343776538,0.0,13.560777357617413,0.0,0.11073588313871674,0.047124999362274156,0.0008559183622489216,0.5669113159179687,14.012672288984866,2.183271475021232,0.00706824785991809,0.0029749276170207583,0.00035762605664996726,0.0,0.0,0.0,4.882488904165929,7.752997249139018
2012-12-01,0.0066441529883230046,3.375976639933712,5.1355101734935294e-05,0.6318153738975525,4.480200292968749,0.6318153738975525,0.0,9.51688197875828,0.0,0.10409173015039373,0.034842451933970064,0.0001229098768189451,0.0,3.3540741852119726,0.0,0.0066441529883230046,0.02190245472173918,5.1355101734935294e-05,0.0,0.3179159126667122,0.0,4.745600805571628,7.667107500343139
2013-01-01,0.006245503809023624,0.017554455902141646,7.3745926091367055e-06,0.013846153393387794,4.376091870117186,0.013846153393387794,0.0,5.050873434079726,0.0,0.09784622634137011,0.019903718192020775,1.7649858311200505e-05,0.0,0.0,0.0,0.006245503809023624,0.017554455902141646,7.3745926091367055e-06,0.0,0.25773181310172405,0.0,10.0,7.913356669553522
2013-02-01,0.005870773580482206,0.0011942230915212464,1.0589914986720302e-06,0.07234153896570206,5.123214973045428,0.07234153896570206,0.0,0.0,0.0,0.09197545276088791,0.0028581739323741834,2.534519653488392e-06,0.0,0.0,0.0,0.005870773580482206,0.0011942230915212464,1.0589914986720302e-06,0.0,0.0,0.0,10.0,7.936229867216471
2013-03-01,0.005518527165653275,0.000171490435942451,1.520711792093035e-07,0.07513692229986191,0.07513692229986191,0.07513692229986191,0.0,0.0,0.0,0.08645692559523463,0.0004104337766889328,3.63957022240933e-07,0.0,0.0,0.0,0.005518527165653275,0.000171490435942451,1.520711792093035e-07,0.0,0.0,0.0,10.0,7.9793899443127465
2013-04-01,0.005187415535714077,2.462602660133597e-05,2.183742133445598e-08,7.59182596206665,7.59182596206665,7.59182596206665,0.0,0.0,0.0,0.08126951005952056,5.893829033253072e-05,5.226422839379796e-08,0.0,0.0,0.0,0.005187415535714077,2.462602660133597e-05,2.183742133445598e-08,0.0,0.0,0.0,10.0,7.556373286841521
2013-05-01,92.6787103991192,92.67383776481304,92.67383423165148,33.1684585571289,99.884916796875,125.84229278564453,0.0,25.434854010115604,0.0,0.07639333945594932,0.07504261967319618,7.505143197349383e-09,92.67383422851563,92.67383422851563,92.67383422851563,0.004876170603571233,3.536297419951843e-06,3.1358537036278777e-09,0.0,0.0,0.0,10.0,6.511724606792703
2013-06-01,73.44603867849236,93.79384084339787,73.44145507857532,28.360363769531247,117.37628437500001,101.80181884765625,0.0,9.66189886261367,0.0,0.07180973908859237,0.03927922963978814,1.077738563139371e-09,73.441455078125,93.78933828621749,73.441455078125,0.004583600367356959,0.004502557180391771,4.50308591840963e-10,0.0,0.0,0.0,4.610718689997337,5.618910390971522
2013-07-01,24.839266470087505,32.56683372961151,24.83495788580685,16.208739471435546,50.7055962197914,41.043697357177734,0.0,0.0,0.0,0.06750115474327682,0.005640497376273577,1.5476325766681366e-10,24.834957885742188,32.564476975833124,24.834957885742188,0.004308584345315542,0.0023567537783872883,6.466431378836226e-11,0.0,0.0,0.0,4.990845462406784,4.962646073556955
2013-08-01,22.509112935495533,22.505401296053513,22.505062866220225,15.626265716552734,38.13132858276367,38.13132858276367,0.0,0.0,0.0,0.06345108545868021,0.0008099754232328854,2.222400380095443e-11,22.505062866210938,22.505062866210938,22.505062866210938,0.004050069284596609,0.0003384298425764146,9.28579546000882e-12,0.0,0.0,0.0,6.287012958378094,5.340445517765214
2013-09-01,41.57674712860408,41.57298866200196,41.5729400634779,20.393235015869138,61.9661750793457,61.9661750793457,0.0,0.0,0.0,0.0596440203311594,0.00011631247077624234,3.191366945817054e-12,41.572940063476565,41.572940063476565,41.572940063476565,0.0038070651275208126,4.859852539397312e-05,1.3334402280572658e-12,0.0,0.0,0.0,6.4036599852611005,5.785301383648251
2013-10-01,55.65831496934487,55.65474330687325,55.654736328125196,23.913684082031246,42.0764572265625,55.63407412199148,0.0,36.737249964708006,23.45254789738402,0.05606537911128984,0.10839352070279595,0.06918624891657492,55.654736328125004,55.654736328125004,55.654736328125004,0.0035786412198695636,6.9787482465745396e-06,1.9148201674902323e-13,0.0,0.0,0.0,5.359002781439114,6.214290785019015
2013-11-01,0.00336392274667739,22.403996558857532,11.767214692732347,1.251281499862671,13.375114306640624,19.525938686013355,0.0,24.117949070540927,5.073659771216199,0.052701456364612445,0.08671452692200088,0.02490270833087957,0.0,22.390825171656545,11.763063517797352,0.00336392274667739,0.013171387200988283,0.004151174934994495,0.0,0.11112959931367544,0.0,3.581505095397625,6.980015270713274
2013-12-01,0.0031620873818767464,11.329361533798508,0.0016343334854137593,0.0009199999622069299,3.135971887207031,5.027856109324744,0.0,20.560511462996345,0.04578311454054752,0.0495393689827357,0.07310679550104349,0.003711091510477507,0.0,11.295095256402508,0.0,0.0031620873818767464,0.03426627739600084,0.0016343334854137593,0.0,0.4843900963446798,0.0023361830926830864,2.940544785310418,7.917148851150952
2014-01-01,0.002972362138964142,8.505455602243327,0.00022266549062865048,0.026995383203029633,1.7629288513183594,0.07277849774357714,0.0,18.445639239844066,0.0,0.046567006843771554,0.06491374105725656,0.00053291274090457,0.0,8.4700054769595,0.0,0.002972362138964142,0.03545012528382715,0.00022266549062865048,0.0,0.5177286258960757,6.938893903907229e-19,7.4106960539871825,7.925736470059248
2014-02-01,0.0027940204106262933,6.783881415312283,3.19747644542742e-05,0.0,3.8640615234374995,0.0,0.0,14.288050556975302,0.0,0.04377298643314526,0.05147211331015155,7.652626959389619e-05,0.0,6.756511391875254,0.0,0.0027940204106262933,0.027370023437029333,3.19747644542742e-05,0.0,0.3912533162265657,0.0,,7.884900728843375
2014-03-01,0.0026263791859887156,4.4825146351107845,4.591576175633771e-06,1.311232328414917,15.599282885390219,1.311232328414917,0.0,0.0,0.0,0.04114660724715655,0.007391395471337765,1.098917231368349e-05,0.0,4.479426308312175,0.0,0.0026263791859887156,0.003088326798609093,4.591576175633771e-06,0.0,0.0,0.0,10.0,7.645499133136246
2014-04-01,30.77317192143483,30.77114660872828,30.77070378435034,17.69267578125,48.46337890625,48.46337890625,0.0,0.0,0.0,0.03867781081232716,0.0010614043896841022,1.5780451442449478e-06,30.770703125,30.770703125,30.770703125,0.0024687964348293926,0.0004434837282802659,6.593503388210094e-07,0.0,0.0,0.0,10.0,6.888902478108516
2014-05-01,43.13542308564093,43.13316610125557,43.1331025116749,20.783275604248047,63.916378021240234,63.916378021240234,0.0,0.0,0.0,0.03635714216358753,0.00015241767035863691,2.266072827135745e-07,43.13310241699219,43.13310241699219,43.13310241699219,0.0023206686487396294,6.368426338104613e-05,9.468270865469686e-08,0.0,0.0,0.0,10.0,6.480088655251981
2014-06-01,82.18753909454544,82.18536681107585,82.18535767961207,30.546339416503898,104.59638164062497,112.73169708251953,0.0,7.9715515420491965,0.0,0.034175713633772274,0.023538383195253892,3.254080579766927e-08,82.18535766601563,82.18535766601563,82.18535766601563,0.0021814285298152516,9.145060221518215e-06,1.359643696281447e-08,0.0,0.0,0.0,4.805249832970889,5.381424736504568
2014-07-01,32.44277625082584,38.81937924463889,32.44072570996026,18.110181427001955,58.52245867705896,50.550907135009766,0.0,0.0,0.0,0.03212517081574594,0.0033801118268384565,4.672859712545307e-09,32.44072570800781,38.81796694164717,32.44072570800781,0.0020505428180263366,0.0014123029917152334,1.9524483478601562e-09,0.0,0.0,0.0,5.072855751958598,4.829905614458516
2014-08-01,51.222502461420824,51.220777757881486,51.22057495145225,22.805143737792967,74.02571868896484,74.02571868896484,0.0,0.0,0.0,0.03019766056680118,0.00048538405833400245,6.71022654721506e-10,51.220574951171876,51.220574951171876,51.220574951171876,0.0019275102489447562,0.00020280670961030737,2.803715827527184e-10,0.0,0.0,0.0,6.164255586333571,5.120200372518525
2014-09-01,12.192723724868385,12.190940988277877,12.190911865274638,13.047727966308592,25.23863983154297,25.23863983154297,0.0,0.0,0.0,0.02838580093279311,6.97011507767627e-05,9.635885321800825e-11,12.190911865234376,12.190911865234376,12.190911865234376,0.0018118596340080707,2.9123043500040147e-05,4.026135928329036e-11,0.0,0.0,0.0,6.512917961819175,5.930920472210477
2014-10-01,1.4034128953704208,1.4017139293835,1.401709747320235,10.350427436828614,11.752137184143066,11.752137184143066,0.0,0.0,0.0,0.026682652876825523,1.0009085251543121e-05,1.3837131322105989e-11,1.4017097473144533,1.4017097473144533,1.4017097473144533,0.0017031480559675865,4.1820690466057614e-06,5.781531193080495e-12,0.0,0.0,0.0,6.349891801402804,6.388364262529609
2014-11-01,0.0016009591726095314,6.005451150925872e-07,8.302278793263594e-13,4.431013584136963,4.431013584136963,4.431013584136963,0.0,0.0,0.0,0.025081693704215993,1.4373046421215913e-06,1.987012057854419e-12,0.0,0.0,0.0,0.0016009591726095314,6.005451150925872e-07,8.302278793263594e-13,0.0,0.0,0.0,5.420110059223206,7.1224163866835015
2014-12-01,0.0015049016222529596,8.623827852729548e-08,1.1922072347126515e-13,0.21771538257598877,0.21771538257598877,0.21771538257598877,0.0,0.0,0.0,0.023576792081963033,2.0639694660866052e-07,2.853349315078945e-13,0.0,0.0,0.0,0.0015049016222529596,8.623827852729548e-08,1.1922072347126515e-13,0.0,0.0,0.0,4.415230082954436,7.7167655603480485
