Date,06452000,13340000,06447000,06360500,06354000,05057000,07301500,06191500,02315500,06784000
2000-01-01,0.016019345144400236,0.47140948115184345,0.011546794866719851,0.0026068283328694077,0.008288203214697434,0.010137847558476427,0.020094189037847533,0.34368654393660525,0.038070176104032266,0.09451358117347478
2000-02-01,0.039452550639824446,0.8865760407579842,0.02209288163099562,0.008293163490247139,0.011120525966443652,0.01476459091598969,0.029603918055326413,0.34831134766176247,0.059256246845989645,0.10753456626853516
2000-03-01,0.10758206633078875,1.395644190766686,0.09502766498823913,0.07420106101550289,0.05271535539698395,0.058048024469838845,0.09555342830547464,0.3562398691763601,0.05125326073465155,0.10378270336651771
2000-04-01,0.1700170177742596,3.341677249261079,0.28765522777864405,0.09293987437926,0.018660247878552846,0.049819089891059105,0.07443294164915101,0.8207198835803224,0.0661988058828798,0.08075673546320605
2000-05-01,0.1547618683243633,4.466304775667178,0.16110849795155766,0.08339356092614766,0.02446248657707194,0.04695259788119832,0.030387732538125392,3.0540995446599046,0.034173127671761394,0.0899117963223318
2000-06-01,0.04118884231378339,2.9445144387473756,0.03779425649593649,0.01226352662208652,0.019722150644425132,0.2817381389672481,0.15542792175686812,3.6791015698729432,0.007240535925515543,0.06093672137451785
2000-07-01,0.028617557935134867,0.6921527921077284,0.02666204070022919,0.005768699061971775,0.019733817177851033,0.23285823981338255,0.06180711197494233,1.4712636791653333,0.03243681896431398,0.058971020685017264
2000-08-01,0.016726215961660303,0.24939403385118641,0.012658480968249794,0.0014449187953170168,0.0021759325959879515,0.08107155506465388,0.0031253169658694412,0.727255199941681,0.12520715012593045,0.02513282495624235
2000-09-01,0.004151769534622877,0.30320171388332123,0.001410223978740065,5.928767468376037e-06,0.0008364408018138948,0.09266866979735865,1.2673973196147608e-05,0.47571169205591735,0.13513540618693473,0.025360947624076792
2000-10-01,0.008130544421904761,0.7264451631407148,0.005134638568392445,6.604380872030389e-05,0.0015377483951797125,0.05705922003651722,0.027685161545853106,0.4301171771211637,0.16431911145443118,0.052953302033522616
2000-11-01,0.026390455853741456,0.4403711980152668,0.027290563044924755,0.004711307957369949,0.010949910404610599,0.12084786140240504,0.04087652476626672,0.3241259269527315,0.029863223613497476,0.07452487867523848
2000-12-01,0.011866861598850833,0.3570831409499356,0.00265883377542714,0.0007334043347977089,0.00615844030418219,0.046536259172431316,0.03689857074320092,0.25777945072960845,0.026314723077314195,0.06719130302594786
2001-01-01,0.010933547316321308,0.32909614136494997,0.00019961214530233784,0.00013732621983201997,0.006076526346085451,0.021358175759747047,0.06221977073441894,0.24452807218643816,0.04879670545226298,0.07648664621529362
2001-02-01,0.020022542119699602,0.41959165413932625,0.003325187374327626,0.002278524764632095,0.00570525399055607,0.01637512183919203,0.09079065845651535,0.24333016285682701,0.05879517942977831,0.07931102210276761
2001-03-01,0.28160080934354,1.0902208474696686,0.16102865309343672,0.21336702811593553,0.4498714578672968,0.04059302410478241,0.09480834998975296,0.30774843303243227,0.25519879535682716,0.1763755316308442
2001-04-01,0.28320253985485816,1.8512164962640483,0.09690053873718862,0.0863280097895276,0.12723595821520467,0.6103376282486898,0.06631922983666397,0.5119220437484223,0.28358765708269207,0.22127155851711866
2001-05-01,0.11157236739445597,4.227917486712063,0.037969300992586226,0.00864494123211381,0.021692305448709457,0.18524990846587622,0.3208421854930704,2.46040521010505,0.017864687367736765,0.17979737164836077
2001-06-01,0.11830487842222417,2.2258606497994244,0.11150416328750767,0.01851450971374386,0.0332036988024559,0.13470083803877897,0.0602902089424218,1.909338663945433,0.2617650432983739,0.07991678954830608
2001-07-01,0.05839181357124074,0.6338557613516514,0.06555262851728776,0.02810759640249383,0.09819994231106474,0.10008782558758657,0.008755243346895578,1.0199722185072335,0.40894571601480073,0.031098101615131383
2001-08-01,0.02072875721263939,0.287668744746068,0.006381446737511663,0.008050297496374342,0.04339950434434559,0.08558883005477583,0.0009334111884494723,0.5634453580735179,0.35232919060603374,0.032212493958000764
2001-09-01,0.009527251795749222,0.1801949789879991,0.002611643416973613,1.6368553662690364e-05,0.005140224982628165,0.02198407161859344,0.0010052711263149978,0.38424809455373343,0.1349626327525887,0.05187343400245194
2001-10-01,0.012488051104927865,0.3579349191981743,0.006156652752340414,0.00010321293997365717,0.005495681915944929,0.02252392414429465,0.0007851979173374535,0.3132979567945853,0.03341429645887697,0.05716177194012345
2001-11-01,0.013274279136593176,0.5193579592945787,0.0071336262470919586,0.0010981108441426922,0.0062329075388155904,0.03799888700024003,0.012760440489915715,0.2966796344846077,0.009582280474112897,0.06798142904787252
2001-12-01,0.01774521155537287,0.3851807610866406,0.02101148151013224,0.00014992381129708268,0.005495681915944929,0.017944198347857657,0.017423369844568312,0.22963626838024154,0.009581851755913527,0.08537556396194584
2002-01-01,0.013874252317996306,0.5945854654912961,0.0049626650278242765,8.481546728953096e-05,0.006642477329299292,0.011032975782325476,0.022329423985012545,0.22736759514414126,0.03338857336691478,0.09248145396000708
2002-02-01,0.038903358910407866,0.5582920476923872,0.011750355384127071,0.001517635585654953,0.0056805202304814045,0.011062714261523119,0.033795851757017104,0.24038047214197794,0.03844683566490711,0.08344785250161256
2002-03-01,0.06630509466835995,0.9170443737530873,0.023013744875318768,0.003236707906122542,0.011445613963153599,0.014675939484036718,0.027086462462312447,0.2750213673239705,0.49547819737558757,0.09248145396000708
2002-04-01,0.0799840139971711,2.8431804823449007,0.04195765402092966,0.007565622834645073,0.020137677813679505,0.08002029982501722,0.03615043569592757,0.47853686889779595,0.09510513047538403,0.07915812872194482
2002-05-01,0.07345948415214366,4.401038650152785,0.05602652275224387,0.0025045508576085024,0.010097757016289058,0.07820922644188076,0.02238673770160652,2.2622744141522935,0.01432776222293647,0.07956761328087368
2002-06-01,0.017416562526049357,5.210154238945064,0.00566120517117974,3.363931107056838e-05,0.0022284568188160434,0.07823490066225473,0.011382886207007338,4.090375185875798,0.009941117606985364,0.045790599876805324
2002-07-01,0.002769342379308924,1.2752337202202162,0.0009398968183266695,0.0,0.011591569743035064,0.05499834342812057,0.018546718689810216,1.7720083107201634,0.013015884532865087,0.01384468604788311
2002-08-01,0.007431323721714608,0.35608755598446185,0.010233776884481889,0.0,0.002788425600847668,0.013551824970365818,0.00017664087454263006,0.8325449065401807,0.010662221618325253,0.018551354884237314
2002-09-01,0.03549083111698947,0.23856059448614192,0.06772565751365035,0.004432784772605588,0.00020653239301458078,0.016810716213239506,0.0,0.5601063364388473,0.01721089211369792,0.026715699099721917
2002-10-01,0.0076960177723336375,0.22395130695574497,0.004062260704706654,1.9332937396878382e-05,0.001108072451344994,0.012396485053537397,0.03928052880484651,0.42453275069383994,0.03572937473547353,0.042202693549370965
2002-11-01,0.013479812281871534,0.2806773415098214,0.012490192574979514,0.00024900823367179356,0.003265735752436218,0.012228908723258679,0.03881552351754739,0.34190650801289585,0.057626585486481995,0.05595123594414377
2002-12-01,0.013999714237942901,0.2667448673883604,0.00757297769716254,0.000134332732751213,0.0022563572093920238,0.007546139096401857,0.05066532546907365,0.3004072391248463,0.19689740742453715,0.059665877087041706
2003-01-01,0.010220556405405307,0.7069206357622564,0.007953776251277769,9.666468698439191e-06,0.0017000869666805249,0.0065157007922035355,0.0412429504610242,0.2808733808509368,0.35566033101513655,0.045991627515126844
2003-02-01,0.020700123917320568,1.3008443533102318,0.06179816535355718,0.0001135810072066605,0.0007486084715931953,0.005128029006643529,0.0409662070866133,0.2865450639411875,0.3783311025114507,0.06880202137026327
2003-03-01,0.06799424051739698,1.974355607086261,0.06312657321284396,0.06314262082448846,0.05722732514342165,0.058391503904571616,0.0382855626847751,0.30715508772452915,3.771391128035602,0.08667350327893489
2003-04-01,0.03593351789143517,3.240629062617213,0.02863605126946523,0.00549055422071346,0.01926814873727684,0.09105535730088651,0.037394143346016824,0.6250373156856002,1.7217537245788153,0.0966208752430105
2003-05-01,0.08926156597175834,4.832458801858097,0.09406952669078789,0.04217074925086826,0.01770830839582255,0.10502143928647552,0.036233731630710815,2.582331853768285,0.4865780075566719,0.1436910597393929
2003-06-01,0.025040261191682074,3.933677881193868,0.020315602862047474,0.0011677738618961107,0.014866638722212003,0.06334940402813863,0.029920052610718558,3.915094001388174,0.7526143702753665,0.10423457853613612
2003-07-01,0.025459589608674303,0.7078056001760109,0.01740740745279649,0.016659753433717752,0.0011934863694695037,0.10388691630508542,0.005846916112050924,1.6823084612312762,0.4178844904716596,0.03617186439972491
2003-08-01,0.002267494699522555,0.26172822536788964,0.0022301897255609816,7.296624759467003e-06,1.0202011144775817e-05,0.022336571725349495,0.00011015696329361938,0.8128830718273116,0.6052514923242076,0.011851890328869632
2003-09-01,0.002466397743340323,0.20672584337718627,0.003435501088801912,0.006212317216863586,2.1391954269021413e-05,0.008453757481513915,0.05934274060974905,0.5118979996901936,0.5195695878709704,0.02525256750602518
2003-10-01,0.004923615346196749,0.23057747800373166,0.00314527321874853,0.0004638657688967142,0.00015027487949020147,0.010117030623038077,0.006591077408307091,0.3894090353103184,0.1571809534349251,0.03505747205685553
2003-11-01,0.009230019247192824,0.2921538550155275,0.003137145421652629,0.0002852897128532686,0.000548957560270499,0.014154128302382078,0.0070713663533646,0.3125968010320435,0.3054501416595516,0.05481324470460187
2003-12-01,0.01586634280300195,0.40094418970664236,0.0052021996021870825,0.00019145844454327945,0.0005570149150578329,0.013052218519845421,0.012414151014254922,0.278534902284495,0.16485929638563704,0.06561804324777933
2004-01-01,0.010587762024761188,0.3766629786042537,0.0030402465207586835,3.130688572010629e-05,0.0007483957080656712,0.009763142720586128,0.020220279214354278,0.2693205986794109,0.1151622827146976,0.05221911413704397
2004-02-01,0.00855715715726563,0.6246532757991398,0.01702760431203184,0.01867068429308324,0.0047530895165093096,0.0069650594675279166,0.027312555192600403,0.27160251085747245,0.5244796530581933,0.07660418861251311
2004-03-01,0.04300283807340144,1.4596934902121672,0.04026637614160391,0.05043402088017918,0.3314611080767273,0.1434599105733887,0.08904259010039911,0.31940592319947064,0.728915256932407,0.07715528162101526
2004-04-01,0.014690876814819412,2.7913990020850914,0.009393031001508985,0.003021738115132091,0.0312414871698658,0.5185509026160692,0.06243412403448041,0.7530599037246061,0.13461708588389673,0.06636927479185481
2004-05-01,0.019822983351561553,4.746727874275631,0.014218526657689603,0.0025837535366215205,0.009516912586148537,0.07651264620365525,0.017320205154699158,1.8385560589791048,0.04159423970285148,0.06856790533184534
2004-06-01,0.06719036621569041,3.439867738318864,0.019757098316011804,0.007443825329044738,0.006750008016109922,0.2824264856324096,0.019436189362204308,2.635228781871546,0.0598460596046191,0.06540740124414678
2004-07-01,0.01230750834207789,0.752219751691314,0.021497306762237316,0.028951385573396292,0.004060698304559309,0.06188874905821441,0.02906149313614082,1.5425814583309467,0.35707510107305673,0.08614908335287871
2004-08-01,0.005627426116628851,0.40199508494797587,0.008236242791660986,0.012160168165379768,0.00044136729967216254,0.036585764032900044,0.013154644232649074,0.8388273862709198,0.346490048730618,0.02671919523256229
2004-09-01,0.05764730417799671,0.6714446248258734,0.11904448239039471,0.001264374105755846,0.00029156156376015154,0.049216786559042845,0.00876043979053343,0.7136276482294479,3.715426254289877,0.035575773750441055
2004-10-01,0.017197463173167015,0.47793609370328277,0.018609993854341034,0.017017849325759286,0.0012517942141874563,0.051948662386402306,0.012200943988525337,0.6080044272748719,5.17780118106801,0.04764355028220381
2004-11-01,0.024116943062123898,0.6202346840832803,0.012801178060840286,0.029534284029964542,0.004409204962643622,0.040408100328305066,0.058655621745161646,0.473788167397617,0.9659364006359574,0.06260306568956135
2004-12-01,0.01220958684358299,0.8293222762396739,0.00961823444749111,0.0008481546728953095,0.0024172064362001683,0.021285316485712826,0.04739844362321708,0.37084081743946695,0.4395047492658752,0.06628667865350096
2005-01-01,0.011980083331485564,0.8891679947198211,0.014362861593523603,8.918096928237447e-05,0.001216049941563424,0.012812823762304396,0.0559840383689945,0.2865392468303257,0.5004427541242891,0.06496251834020911
2005-02-01,0.042646998342263716,0.7518602348982264,0.016748336406889452,0.0018166056532566794,0.0016175879088830938,0.0125377428297262,0.05526884506263968,0.28671251363242345,0.4247948153909291,0.07637895283762137
2005-03-01,0.026518365811150423,0.9367901422349845,0.021189596962863554,0.005375803882615859,0.007394596399096632,0.053322580125333405,0.044899565579719795,0.32397817233684195,1.7513567162452952,0.07950206079011665
2005-04-01,0.10909699351375363,2.0255360490150625,0.06978768168418434,0.004841611955424909,0.006425281228285207,0.14652104092959806,0.03297601997950929,0.5625227642908373,4.150948211483607,0.08598607615919625
2005-05-01,0.14619679725288745,3.76607668328394,0.17078815152068025,0.025773923765748056,0.01884765708571357,0.1392965234857187,0.0349155161490494,2.5420774466046594,0.9991749226330928,0.13836819748992268
2005-06-01,0.16570714582019183,2.2041993020969213,0.07801293045307328,0.040657167345635244,0.09499412786009688,0.17414095086920078,0.06508736702133748,3.167564231056181,0.7252364260636154,0.1467331323271238
2005-07-01,0.02430289190770328,0.6708030256259013,0.02933377249119894,0.007713842021354475,0.01816255852708629,0.19723005481064665,0.007220382016508934,1.6579929378289706,2.099775996873077,0.0243855265616123
2005-08-01,0.03281900222993171,0.25520161281645026,0.03925296063468434,0.0028325871502136,0.00931138301856035,0.053072776900073206,0.03938724694514449,0.8662841495385948,1.2909133701222022,0.034061074197348794
2005-09-01,0.007424489617132151,0.20558276434275335,0.005398454168840232,2.4810602992660586e-05,0.00032049456665638186,0.017520573711687238,0.007610306335069943,0.5580625914894031,0.4973748466895992,0.030061935244565383
2005-10-01,0.00833556755937846,0.25757995467841543,0.003409989632980245,0.0,0.0017096932399482334,0.020400596729582953,0.005298079961947023,0.471651348674384,0.29186706294892034,0.04144228465658951
2005-11-01,0.007778639036688711,0.3736725363561083,0.0029683247293282107,7.797618083407613e-05,0.0031964812242271557,0.026361526192354465,0.006419900441413088,0.42425740744638163,0.13819216694844091,0.05267273737308256
2005-12-01,0.007971421986850547,0.476442716255072,0.0063016018793907265,0.00021016773879832306,0.0026309273995980265,0.021358175759747047,0.011978566768140715,0.3467928811368041,0.45288075708621084,0.05566717515086334
2006-01-01,0.023210455190119543,0.8751191846514687,0.020385006469491054,0.002006883630424343,0.004877603868487707,0.017829705202946734,0.01666682878552785,0.3358683469383521,0.9621722548454911,0.06601135819232146
2006-02-01,0.021665677978930445,0.5754382332088803,0.00733037216671816,0.004619191113754156,0.0055403622567249695,0.01185784684907009,0.017348452629306187,0.3142129052315619,1.7642825699562925,0.04991775347939565
2006-03-01,0.05102322080949944,0.9341905592695806,0.05164119746775559,0.004939253683331509,0.008936068156008016,0.029289428161758384,0.023223517963878552,0.3330994021681374,0.6919640353287296,0.0796462762697821
2006-04-01,0.09370730400498778,3.119405531015606,0.08611124637059048,0.09134168488778473,0.0664535672903845,0.28658883187330764,0.01339650811667565,0.7175107636333918,0.1739429775938829,0.08104123327309154
2006-05-01,0.033014845226921524,5.346291264594296,0.01648489224589153,0.011584171359581159,0.020322108331454893,0.0765750970099703,0.03260691964464409,3.7177155517735425,0.05944606552460714,0.05107850079787178
2006-06-01,0.015993640751045323,3.136265946773491,0.021306948431260787,0.0005948100405772915,0.0018806451882549756,0.029814014934804806,0.013751853159558293,3.785857188408616,0.042050395866980866,0.03428875984857818
2006-07-01,0.0027886206743251065,0.6369531367997923,0.002078668752496099,0.0,0.00010306265273262577,0.009190676996031504,0.0003771242551883536,1.5851627098392902,0.02902850927932461,0.03286801886557099
2006-08-01,0.0032703332459834617,0.24790065640297573,0.0167867672287103,0.00803252366683205,0.004303982760106627,0.0035232663229407294,0.00772428421280316,0.7401691860548673,0.016385609579911184,0.02785980857173448
2006-09-01,0.04572005765507401,0.2256552321873947,0.04531185461842797,0.001590907418389122,0.0020865619854632533,0.0032492113678948527,0.006749542192860553,0.47499037030905467,0.01978920336470749,0.045275794316060165
2006-10-01,0.008788454489917379,0.2518276859890113,0.002219687055761997,0.0019407774573898555,0.0007893526871140412,0.013104260858441295,0.0005180013705763434,0.4493369114085362,0.007048127197638405,0.048364627680531055
2006-11-01,0.015127239492487314,1.1753710171556082,0.003907627829479109,0.00010923109629236283,0.0003224183035510781,0.013067831221424183,0.0016511699659280154,0.4154212160473142,0.0069773886947424,0.053431398199443834
2006-12-01,0.010795845209062852,0.7032148472796594,0.0005982222446906987,2.0517859366364474e-05,0.00041180380752270265,0.005537304826601087,0.027149507550565822,0.2868533708168627,0.007948435416314844,0.06983962365253157
2007-01-01,0.0067321030215244555,0.5020513739780925,0.0006553420278079831,6.236431418347864e-08,0.0001812532490976959,0.005068923779238213,0.03630250809062358,0.25442879487321424,0.03655251367826341,0.053726821424455486
2007-02-01,0.022150148964229437,0.8589014216226196,0.0015089142706815953,0.00031139838449971966,5.1116437487641095e-05,0.004056328562558477,0.03033123758891133,0.2880134689258722,0.10873334708786321,0.43349628021580433
2007-03-01,0.0783402588427489,1.8580934072292654,0.030500735802197223,0.01223587844279851,0.008986705875558727,0.09604934011254669,0.11209416691449574,0.3970527189827178,0.06342028323276457,0.1628323870404434
2007-04-01,0.05500066967648919,2.2478649212122574,0.018570276155686006,0.012869291993855376,0.015528404213987481,0.09679874978832728,0.15793902672657215,0.7975414114478028,0.010020859192068132,0.13976970974230782
2007-05-01,0.07932253387452587,4.003357766721861,0.06057767966513718,0.014237772928088175,0.015250889652920345,0.05346829867340185,0.32572531414687705,2.7634766860045987,0.0032706911429916915,0.1760608796752105
2007-06-01,0.059689987437224715,2.0476546283313386,0.0325519297342835,0.05442866308467828,0.1684193176568603,0.12171905015049998,0.13036425139887903,1.967044403694445,0.011749922561946204,0.17338109385306344
2007-07-01,0.0040668022343663636,0.44701764949773537,0.003823278902438532,0.014388507475469643,0.011084447875181608,0.021368584227466226,0.033608763410706774,0.9758785181748232,0.013324561636411296,0.06873834180781359
2007-08-01,0.06655295846142517,0.20502966158415678,0.09957513675383453,0.009234845279975335,0.051909619918250556,0.020733667696596556,0.020724639920381253,0.5774064241418273,0.15063442653054931,0.05910212566653131
2007-09-01,0.011158868764420514,0.18238969073411024,0.0025050198218213486,0.0023407676168893782,0.006613037949207552,0.012433261639478482,0.03874445450897086,0.4152408856105985,0.07806701179603212,0.04366364006004247
2007-10-01,0.03607795210171515,0.32870896943393235,0.030943321992673724,4.590013523904029e-05,0.0023814621635761357,0.0111891027981131,0.016769993475397003,0.4386799643097267,0.3532809450086346,0.05925945164434817
2007-11-01,0.009350177085970942,0.426368479843464,0.0010332334101659884,1.0310899945001802e-06,0.0021845956176169707,0.010389732477280462,0.015173233331088868,0.3615745476440174,0.23323084610292266,0.06319915633884521
2007-12-01,0.007778639036688711,0.5071952296330405,0.0005220625338676528,0.0,0.0007923313764993773,0.007129800387634859,0.031167199083803446,0.27975649556547205,0.08982503713194641,0.05415946786345183
2008-01-01,0.006722922881040558,0.3316404140544941,0.0011669633109982827,0.0,0.0002827520899030203,0.006442841518169311,0.029952148292011187,0.2198402536889778,0.15594624502074028,0.05414635736530042
2008-02-01,0.005649163000993021,0.46407037972053466,0.04714023480254043,1.9332937396878382e-06,0.00020187296958411666,0.004606285334754884,0.03611040832328102,0.1962990078013803,0.4237852790674675,0.09786444366651649
2008-03-01,0.0842033085651311,0.7836912986554582,0.05259933576520681,0.00437061586660655,0.00357144857301787,0.01050214392864755,0.034640410309398316,0.23375478287039278,1.9152128120444072,0.09068531571326466
2008-04-01,0.04279200084695461,1.2688748821722178,0.03613778278553525,0.005026563723188379,0.007202470933742461,0.06317731736184827,0.03571217680970564,0.4168518375119251,0.5534066004744258,0.10576544770361514
2008-05-01,0.099629004624906,6.0183111162891105,0.14292843794863702,0.20668781006688494,0.0056520631086750695,0.0363984116139549,0.02435832955243925,2.5843096714612956,0.09310473135712487,0.24182313840265532
2008-06-01,0.2679235220397037,6.979069044729946,0.1596180605999669,0.8764458282625502,0.02830971214234884,0.052755318634638365,0.03676636710359082,5.552975247930963,0.037638028159067576,0.17982971087713426
2008-07-01,0.04496126804329945,1.9816565634997356,0.07213245901766911,0.07139466687724635,0.002809648762718187,0.024376631398307796,0.004493739263267181,3.8292877381027814,0.0399479618172717,0.085218237984129
2008-08-01,0.016796597038703516,0.44873226804938465,0.017233468500336115,0.03416940774112795,0.00547818211580608,0.013426923357735718,0.00857516364935731,1.35212924871576,0.719127620440796,0.04858750614910493
2008-09-01,0.007380220939687581,0.29800070427665165,0.002084491285226764,0.006334759153710482,0.000766955425177469,0.02595282035991486,0.05524430933348827,0.7279338628755571,0.8390409582409091,0.06325334639787102
2008-10-01,0.016628294463165404,0.3016069342627012,0.022589338744845183,0.007415116956415611,0.0029060093643338064,0.05909927970947551,0.06534909966044997,0.5139999157482558,0.37632883540675144,0.09999376940076182
2008-11-01,0.044420455767236994,0.9756751098401841,0.07808274352132773,0.019094497835650214,0.012642798871943228,0.06890995443264587,0.030725501374585885,0.4351974539404652,0.1510438524109474,0.09908652292868465
2008-12-01,0.006349597168028747,0.6415991999720033,0.003884759443191652,0.014088098574047827,0.00235241994206911,0.02556319671829374,0.03468626128267349,0.2890173360574506,0.10911735610358439,0.09238968047294724
2009-01-01,0.004528869305389179,0.9943681394048857,0.002933991440336209,0.005145055920136988,0.00038760195626684767,0.01734050722014551,0.03778120197874813,0.24286437847996464,0.07239764232756678,0.09864338809116717
2009-02-01,0.2758266102665555,0.6598831968776093,0.10762319135681662,0.3020771468262247,0.00016340770822662038,0.018933374512169254,0.033935451595292425,0.23115785837851976,0.08536621474485855,0.10478518824302333
2009-03-01,0.1666685105319777,1.2620145642897587,0.052955566670669446,1.0613158987744398,0.9800278286064935,0.2492723934065215,0.029092442543101567,0.27589393395323986,0.0858122347858457,0.10084595178060311
2009-04-01,0.24171962704090721,2.9508585273884784,0.23573969156760122,1.2199470156178196,1.589730000091442,1.1783634474232374,0.03861416132658056,0.620348724330993,2.5216282742799034,0.10496614433298448
2009-05-01,0.04599862391797982,6.128378565249824,0.02316729267939749,0.1107465491270214,0.0826511837196108,0.3731435677324229,0.05735956756724989,3.2544408427401446,0.8636142279923834,0.09729300678157252
2009-06-01,0.04496116604173852,4.497444460976164,0.04488980288761693,0.0758431134079539,0.05691952724027028,0.12084786140240504,0.02885401748207063,5.27165976665453,1.1943163003130117,0.2828856556294591
2009-07-01,0.06923661952955106,0.9504517803723193,0.060344287002937515,0.040212509785507035,0.06932899544369552,0.07208904742300587,0.010659205012147416,2.969053383860454,0.27699911579477804,0.10091150427136013
2009-08-01,0.045255032538784164,0.4053137014995552,0.03737353551276079,0.014480993753403741,0.020158280415261416,0.05700717769792135,0.019381206403418488,1.326184934272152,0.35117165146773544,0.10407113432584861
2009-09-01,0.006637139568296588,0.2311305807623282,0.002814735979168402,0.00846782657983273,0.011750184952804206,0.05975709486932737,0.005872669075373817,0.7248081353058189,0.2092153387288283,0.05771241286248244
2009-10-01,0.035735226856982986,0.25077679074767784,0.07626350913860304,0.011593526006708682,0.012138159245244218,0.06952856436408883,0.014366256201445701,0.5194679999583435,0.07952293880109172,0.09941690748210003
2009-11-01,0.04435405275107015,0.34189493919887426,0.022010156427860243,0.0071402982119137485,0.01155781126333459,0.048259554477802724,0.015623337052073548,0.4205305784209246,0.04112007737434855,0.1141107167935891
2009-12-01,0.012065764642668602,0.25072701149940413,0.005325037845450058,0.004508939915465507,0.00641907562539909,0.015404532224378965,0.01572688383338666,0.25683707876999756,0.2637260003422911,0.06709952953888804
2010-01-01,0.011612877712129686,0.40066763832734414,0.004815259135908703,0.004053680421926112,0.004021230670203606,0.011678300780914324,0.027327180072007143,0.23725668360919372,0.7808115949661132,0.07248794427911527
2010-02-01,0.01514395317682863,0.3664384790381974,0.005807177950257245,0.003997775268854494,0.005565096016799634,0.010866812029808645,0.06222345518762856,0.26472508109859233,2.1417735379106215,0.07722083411177227
2010-03-01,0.6325116793405022,0.517704182046375,0.2656069914953723,0.5479266279846251,0.22341659734712704,0.3348924488644549,0.04491102832303859,0.32053444270665893,1.119597577654057,0.13151140695673816
2010-04-01,0.1426621371619043,1.6634657648584477,0.14627741792079668,0.26170997354154263,0.42268347050264243,0.6713423514486222,0.09777911096654066,0.5697239597303494,0.4623682908382631,0.101348957893012
2010-05-01,0.12031798122878182,3.0935037288305294,0.13364186675795597,0.28186799081506847,0.10965300299768169,0.20417250277933632,0.10936603400462253,1.3300242274409368,0.13900758896364213,0.08924316091661016
2010-06-01,0.25055755228787674,5.167860314671048,0.14708344152700725,0.28464528160670605,0.07416390476432674,0.15987926840038721,0.031578329477504226,4.878659634905529,0.15340951943506959,0.28751890567616545
2010-07-01,0.0391563592106486,1.0169347319556252,0.029911112234534933,0.02357994719277328,0.02612310590939676,0.12601531867605145,0.11136055134209286,2.4051426569179926,0.2871211524818974,0.1901546651879703
2010-08-01,0.03831178628613008,0.34076660957133725,0.04381271622460606,0.017218787146058456,0.02189336698221964,0.10005660018442906,0.008442310454292475,1.0458001907336059,0.11094369563289944,0.1351823464391314
2010-09-01,0.007753342649577529,0.2972005489525486,0.0043074663113001,0.011902645124011457,0.016821155407223308,0.1336145409578211,0.0026165239990925296,0.6134841457066833,0.03189663403310812,0.07754597446592712
2010-10-01,0.026310282626848758,0.28512447205652386,0.03925296063468434,0.005581606119421339,0.010671154722966238,0.13587213760611014,0.009007423699909065,0.44687045640313494,0.010443575336646692,0.08028869067920093
2010-11-01,0.010437921731751803,0.47740695873089206,0.008256981981731885,0.004987897848394623,0.010249670174941192,0.11690062349436992,0.016997337884553102,0.364808473475785,0.004182446137591302,0.09597059453470085
2010-12-01,0.008323327372066598,0.6220746725935449,0.012210121380339927,0.0034362737115096738,0.007789272742653654,0.03296361726662715,0.02012857726780392,0.33496087764391197,0.00492597211075823,0.108686029675143
2011-01-01,0.007022807470181192,1.4072593486972138,0.019875227759949703,0.002793921275419843,0.008169055639283995,0.02969535840280621,0.02472513733864069,0.29091371419839596,0.017285917798587624,0.11750939493103818
2011-02-01,0.31317830686041137,1.0129721457636798,0.16534137220199638,0.3281766123120105,0.009563720562203816,0.02711517360142073,0.033402434030968466,0.255219090934581,0.11824537902273652,0.12423554871478552
2011-03-01,0.43437058718289767,1.3189841484252036,0.21617074049418714,1.1925054700908053,0.6558552755867448,0.027405495504587714,0.02257014159470724,0.32325685058997927,0.059986250455812996,0.11829602482012246
2011-04-01,0.11783057116388948,3.0828841558654756,0.0473205669913858,0.33943482618945936,0.7995820029115159,1.221062451496533,0.013905836011474104,0.4370007583076218,0.07574121556445132,0.11253920508184075
2011-05-01,0.24645617152435437,5.8794823238813745,0.2834062529441777,0.38256764892713135,0.2743447391129094,0.48301535297603393,0.00537258779351919,1.9768869552726032,0.010257082919920857,0.11670965454380254
2011-06-01,0.3625794405613609,7.712925784835854,0.1776425254947544,0.2559552025097385,0.266206711488056,0.24068471364035418,0.00013384663281912896,6.269007301983287,0.0015084449844824047,0.10125412528971683
2011-07-01,0.14138334359249746,3.0547865357287707,0.07803299403280621,0.06619971950576259,0.08510115573904967,0.3019392400655469,0.0,5.83049021677769,0.006415339135368681,0.09118351464301802
2011-08-01,0.07898286867662167,0.5299830632872186,0.04761210308872994,0.04106066445840235,0.04091974543105337,0.4161825817512114,0.0,2.0954396746359967,0.03475189724091053,0.05061963336257262
2011-09-01,0.027095592644465673,0.2578786301680576,0.017485000276457604,0.007720286333820099,0.01846017924150445,0.1253974026424564,6.443590110938598e-05,1.0332934023807454,0.004162510741320609,0.051209605779385825
2011-10-01,0.02571357349539545,0.39286888943113274,0.011344111765335937,0.00995958097510154,0.015347697057943767,0.10037926268372349,0.0,0.6978206189809953,0.006041068147318903,0.10590660406704523
2011-11-01,0.025875041966351105,0.3812168579833653,0.011938034671512433,0.008048946269567033,0.01721359773374133,0.08148303648848527,1.468759510581592e-05,0.5206740809436892,0.003992395359810699,0.08893943437610265
2011-12-01,0.024694577901682887,0.3528242497087421,0.010428966853026758,0.006342450752459778,0.019115739130393813,0.027915510422827288,5.73137165939747e-07,0.3940510897780312,0.0064436345365270825,0.1043595652851795
2012-01-01,0.025811494993890353,0.4874494611511435,0.01370874794814825,0.005793644787645167,0.016554066259004845,0.021264499550274478,0.003056196623657108,0.37811220601671147,0.00558191095579392,0.08706681822347702
2012-02-01,0.02986500185238349,0.7758944570101384,0.018948010813388816,0.008766487129963817,0.013230002975110488,0.017045480997208897,0.009533049771127462,0.36343423118219326,0.009713349976030553,0.09623874189574233
2012-03-01,0.06276156044157571,1.4874039384178541,0.034370140464981006,0.025139055047360245,0.04346652485551565,0.10493817154472211,0.014316966405174884,0.42014664910404614,0.286786752286389,0.09881382456713542
2012-04-01,0.0520536405780364,4.177382331334957,0.049484772107274026,0.008738487703389029,0.025477971433356072,0.13129137096290122,0.013491266794777688,1.1491857630433444,0.09550383840079789,0.11696924240720034
2012-05-01,0.08722051473750525,4.646063172211058,0.07127689065334249,0.015385276309064182,0.02863265171654235,0.12000963280208748,0.00643862292216712,2.83258396304273,0.022623459380740795,0.09914158702092055
2012-06-01,0.028682940935692396,4.163665382921763,0.032729635726203944,0.007656487640410402,0.009541734997693004,0.11710497641058971,0.004783891863981398,3.9844611093781315,1.7664754635460689,0.0519682666057471
2012-07-01,0.008568131118303852,1.108639169330934,0.001094857262202915,0.0071101554600584,0.008295649938160775,0.16552586213803963,4.0004974182594346e-05,1.7603740889965724,3.270884066181407,0.014235378892794965
2012-08-01,0.0012913397614015092,0.3125030586070533,0.0005920189134059183,0.0006742206006375877,0.0028334782778008743,0.18308494718028784,0.00012379762784298537,0.8532538212081728,0.6335340319366289,0.007419230903879785
2012-09-01,0.0017378617945382584,0.19906721384648596,6.66397469701651e-06,3.318820919797456e-05,0.0006563790284703332,0.171021880042688,1.1844834762754774e-06,0.49723112417065307,0.8985547612410165,0.01688020338653829
2012-10-01,0.004620670710228148,0.3569725203982163,0.000999780461917371,0.00010159146780488672,0.00242316381497084,0.12429792150238758,0.0,0.38171881475102465,0.38822576543926146,0.03785000816310468
2012-11-01,0.007781801085077609,0.6272646201450426,0.0039526889917160775,0.0008063768188237973,0.005732735946194586,0.11838487099112426,0.0,0.3377228418810925,0.085230464189301,0.052212121871363225
2012-12-01,0.003004965985062279,0.8435370171356054,0.002112817784123207,0.0014212827202414783,0.004981857996974468,0.017413366494179735,0.0,0.30138451374962794,0.055420401632525346,0.051026058805266165
2013-01-01,0.003990301063667222,0.4768298881860897,0.0013530632495416931,0.0007546082016200918,0.003998890499813587,0.01087684876653785,2.407176096946938e-06,0.23759407603917784,0.06708582383737577,0.056270258065827944
2013-02-01,0.01837940626046875,0.6293874812089894,0.011096877865368615,0.0005516791778609224,0.005334247589436094,0.008757982123705802,0.0020365078225492057,0.2472201479916934,0.1295088779156778,0.06362009697592065
2013-03-01,0.029905837649708406,1.0762826579530356,0.01733861803656922,0.0035485294770399353,0.008839260750984596,0.009981720542688801,0.010362319960190627,0.29840615298838863,0.9589568683502181,0.07986915473835599
2013-04-01,0.08519823179046367,2.468136251147473,0.12825295302600917,0.006895414338219955,0.018406314608452955,0.07463183608680034,0.006952918005737052,0.41609444967771936,1.0807642831551467,0.08853300893340911
2013-05-01,0.07189274017622524,4.559226039111399,0.08257800903353638,0.07071115399379543,0.1289176765973423,0.6211773534803626,0.008387289286362261,2.6724970721261165,0.90844957728247,0.09194392353579947
2013-06-01,0.11385271429065599,2.3086195718923648,0.13147704745085143,0.1284093701900662,0.25060905274585943,0.3942397970545707,0.0003160201914702974,2.7433068236097995,0.7504081864214098,0.07594736772466586
2013-07-01,0.03071981010594727,0.5609568177686256,0.008369583704722947,0.011849843338002777,0.023457178909521037,0.26344872644003786,1.1806625618358791e-05,1.4037851931685046,2.0037002483943196,0.024936167483971285
2013-08-01,0.06897345550234601,0.2518276859890113,0.08754005987014433,0.013224352822606648,0.011445613963153599,0.2344403269066972,9.170194655035953e-07,0.6909564281640767,1.4444802291364405,0.03781067666865046
2013-09-01,0.012221317023090192,0.2545065470164806,0.02858527812891653,0.034889507688899854,0.016090135387238764,0.2188189516048354,0.0,0.5058869851330048,0.8933715582106364,0.030170315362616995
2013-10-01,0.2445008016012843,0.3551472812948477,0.45770757822217917,0.5446400286271557,0.25778322613044125,0.21834883581285267,0.0,0.49166221003896077,0.19252448179096587,0.061815998783872034
2013-11-01,0.036550117327270246,0.38733233081758117,0.03064159032113877,0.025455034239223198,0.04323791044519112,0.09748709645348873,0.0,0.3840797861461321,0.08505769075495499,0.05729243990503245
2013-12-01,0.014749425710794486,0.5291534091493237,0.006682400433505956,0.005344621725524121,0.018810423468396873,0.022336571725349495,2.8656858296987354e-05,0.3073528694938303,0.13705263397451617,0.06092448490957653
2014-01-01,0.01178424033449576,0.4826374671513535,0.010514953623310844,0.003299072220306021,0.020917846208522092,0.014811249564385991,0.0025743028945349683,0.24457460907333253,0.7086840451041494,0.062091319245051534
2014-02-01,0.013646497404086293,0.6220391159876351,0.011804755177572103,0.02827442094293463,0.03221160020390544,0.011535184349775667,0.005974873078183872,0.20220194254017626,0.8439792406885348,0.07693053022413403
2014-03-01,0.07658685201032457,2.481993318926179,0.058317455989098405,0.43921315549998513,0.4268015085778694,0.05851640551720171,0.005719908916078677,0.29851086098390095,1.6177252535017497,0.08584754189539642
2014-04-01,0.048569063253470976,3.0165855718683683,0.06970517533079269,0.12670807169914092,0.35316731407590163,0.31319773264845446,0.004498668242894263,0.6304352067579556,3.5546140577062904,0.08250436486678828
2014-05-01,0.21870460684153378,6.346854154895464,0.20846878264159852,0.10723543823849152,0.14868872739251005,0.2750645764146371,0.0010533114835640674,3.7169011562528915,2.922529093283531,0.06837124785957427
2014-06-01,0.1653182138683574,4.872374384270149,0.1581265995963489,0.5863293253725276,0.15204446920920647,0.27361779940167175,0.03232100061712895,4.999961908669599,0.5140408379718983,0.14018968269975782
2014-07-01,0.0489944097625582,1.4394499292475333,0.05493326238720338,0.12450411683589677,0.16020880859029704,0.2357934277101899,0.00046091690884874465,2.7491665932845817,0.1736951784746472,0.05398903138748357
2014-08-01,0.034275584520043374,0.37019167632867395,0.06273349083440243,0.18685595815653872,0.16553321586658515,0.23994640633014072,1.3755291982553932e-06,1.3301405696581727,0.08379297206681426,0.058643258231232155
2014-09-01,0.042814135185676894,0.22987319382445207,0.05209958884553193,0.02511348567854502,0.09528653586809069,0.2287462011664605,0.00114136827773905,0.9118709083255327,0.9306906200293731,0.062318567879675886
2014-10-01,0.04766562085664302,0.32450538846859855,0.05209958884553193,0.019094993551993726,0.03572937917710538,0.21403649996299445,1.364066454936598e-05,0.9118709083255327,1.3707578475728213,0.05941677762216502
2014-11-01,0.04766562085664302,0.7735215826007295,0.05209958884553193,0.019094993551993726,0.02850978077939724,0.21403649996299445,4.0153989845738686e-05,0.9118709083255327,1.3707578475728213,0.04728082650001495
2014-12-01,0.04766562085664302,0.9985717203702197,0.05209958884553193,0.019094993551993726,0.02850978077939724,0.21403649996299445,0.0,0.9118709083255327,1.3707578475728213,0.03617186439972491
