month,06452000_Q_ke,06452000_Q_assim_base,06452000_Q_assim_Budyko,13340000_Q_ke,13340000_Q_assim_base,13340000_Q_assim_Budyko,06447000_Q_ke,06447000_Q_assim_base,06447000_Q_assim_Budyko,06360500_Q_ke,06360500_Q_assim_base,06360500_Q_assim_Budyko,06354000_Q_ke,06354000_Q_assim_base,06354000_Q_assim_Budyko,05057000_Q_ke,05057000_Q_assim_base,05057000_Q_assim_Budyko,07301500_Q_ke,07301500_Q_assim_base,07301500_Q_assim_Budyko,06191500_Q_ke,06191500_Q_assim_base,06191500_Q_assim_Budyko,02315500_Q_ke,02315500_Q_assim_base,02315500_Q_assim_Budyko,06784000_Q_ke,06784000_Q_assim_base,06784000_Q_assim_Budyko
2000-01-01,76.97381605138779,0.03185034225415109,0.027043474906813313,103.33426245274543,0.0,0.0,78.936842639637,0.0,0.0,73.53768735815883,0.0,0.0,73.28261444437653,0.5167833082535589,0.5589345554881809,73.27558083534974,0.619177176534022,0.6262956467408733,73.80260095596314,0.0,0.0,74.58773719911576,0.0,0.0,137.81895751953124,0.2710065131715944,0.290171103239286,73.75791546530725,0.0,0.0
2000-02-01,18.509976569658278,0.0,0.0,67.33739558065845,0.0,0.0,16.739650693166727,0.0,0.0,11.353276736223814,0.0,0.0,15.938090823790041,0.25033322423804205,0.2737067337851361,18.88443547766926,0.0,0.00023438968820707563,5.863916137695313,0.0,0.0,12.972751108712192,0.0,0.0,41.12048962402344,0.1675244324838467,0.1815165655429919,14.207409647877688,0.0,0.0
2000-03-01,23.151712282653467,0.0,0.0,44.94697870290892,0.0,0.0,37.480208420146674,0.0,0.0,18.734080317191953,0.0,0.0,6.111142437256747,0.09841646368290896,0.11174400171320947,9.71531877235181,0.0,0.0,88.46593523437501,0.0,0.0,3.143604651999339,0.0,0.0,64.57588396484375,0.09180424847418216,0.10208359098157421,21.020376769864104,0.0,0.0
2000-04-01,64.82719340799895,0.0,0.0,32.183888936057805,0.0,0.0,75.65661527528944,0.0,0.0,46.75695377208622,0.0,0.0,14.781386000396342,0.031016286718441633,0.03785850710670113,15.14452193501832,0.0,0.0,46.1479459171875,0.0,0.0,20.68353252559163,0.0,0.0,59.290981805859374,0.048038900217636994,0.0539533392122556,29.26469102890663,0.0,0.0
2000-05-01,62.4720069939487,0.0,0.0,75.60922608329278,0.0,0.0,50.689728856818945,0.0,0.0,52.16004289341729,0.0,0.0,43.995985445353035,0.008555900179499065,0.010870337526076326,41.32842932375121,0.0,0.0,19.97659296586719,0.0,0.0,63.01016223665379,0.0,0.0,3.9555610139628907,0.026780914083145244,0.030337998944566024,55.96979711600036,0.0,0.0
2000-06-01,35.993746144624275,0.0,0.0,32.33927615599052,0.0,0.0,17.72431064054653,0.0,0.0,36.33561732176538,0.0,0.0,57.45399688747951,0.0008519120005805588,0.0017153458211475376,88.15426024645505,0.0,0.0,170.63998658469254,0.0,0.0,50.568213635267064,0.0,0.0,125.72813355734876,0.013011196801910853,0.01535063559080429,57.58308597361065,0.0,0.0
2000-07-01,33.57456064596635,0.0,0.0,7.2435117497170225,0.0,0.0,26.13436021134225,0.0,0.0,31.454751461658677,0.0,0.0,68.55362426173073,0.0,6.185740441545552e-05,82.70713439240993,0.0,0.0,15.840552782677356,0.0,0.0,22.120301725354164,0.0,0.0,114.67979686226721,0.0052382664340913905,0.006480390684483592,88.04895970191276,0.0,0.0
2000-08-01,7.5525174881654,0.0,0.0,0.8738601511793139,0.0,0.0,7.296763991728123,0.0,0.0,4.089046024838062,0.0,0.0,7.066510443722203,0.0,0.0,94.1493504939044,0.0,0.0,0.7781731130311681,0.0,0.0,23.7433100622626,0.0,0.0,122.85797047631243,0.0014439634448193427,0.0019790940807322918,20.96339003971987,0.0,0.0
2000-09-01,10.798363966951648,0.0,0.0,72.74033723351481,0.0,0.0,15.441895621706857,0.0,0.0,3.7193735514337156,0.0,0.0,2.2830451161711363,0.0,0.0,41.99871038712169,0.0,0.0,0.731482726249298,0.0,0.0,18.292087740265124,0.0,0.0,154.64312823406183,0.4924376807489221,0.21289669128231567,23.278397550422614,0.0,0.0
2000-10-01,23.124875977811502,0.0,0.0,105.53215259520704,0.0,0.0,19.22032356531265,0.0,0.0,19.134693560222694,0.0,0.0,18.077199356832704,0.0,0.0,36.222130903542826,0.0,0.0,82.99388648728372,0.0,0.0,37.64049017970664,0.0,0.0,5.255223767557153,0.33086007688932184,0.1251816658488287,51.48616342395976,0.0,0.0
2000-11-01,4.620599819289296,0.0,0.0,17.98142251938964,0.0,0.0,5.123489863063812,0.0,0.0,4.8569022908476125,0.0,0.0,18.48420283243446,0.10488856738407883,0.12777008692091227,18.595234022573973,0.0615164226240829,0.0,9.627488954784974,0.0,0.0,0.6900423363070537,0.0,0.0,29.048395021679507,0.21196792561737296,0.06063265178567252,10.986376492057328,0.0,0.0
2000-12-01,0.638672164482524,0.0,0.0,4.489782575298329,0.0,0.0,0.6400319330719755,0.0,0.0,0.6402308291780056,0.0,0.0,0.6419142733282367,0.14372651347113005,0.18270791952172172,0.6627624370262635,0.06316268650841765,0.0,0.6075578486990469,0.0,0.0,0.6486397961286304,0.0,0.0,40.56388109088655,0.12448787327897215,0.01313653596826981,0.6228399291452168,0.0,0.0
2001-01-01,0.6003518346135726,0.0,0.0,9.450764168571471,0.0,0.0,0.6016300170876568,0.0,0.0,0.6018169794273253,0.0,0.0,0.6033994169285425,0.12630661551322075,0.17724278603735194,0.6229966908046877,0.01501871202265068,0.0,8.631256050140385,0.0,0.0,0.6097214083609126,0.0,0.0,17.41193079379273,0.06012106026600797,0.00029046950957183336,0.6253489370830273,0.0,0.0
2001-02-01,0.5643307245367581,0.0,0.0,15.514936024918157,0.0,0.0,0.5655322160623975,0.0,0.0,0.5657079606616857,0.0,0.0,0.5671954519128299,0.027209283336550986,0.08034286683338628,0.5856168893564065,0.0,0.0,26.28747593249329,0.0,0.0,0.5731381238592579,0.0,0.0,11.723196757688605,0.012760382678637203,0.0,0.5598148935582409,0.0,0.0
2001-03-01,4.073156580527444,0.0,0.0,48.301093019300566,0.0,0.0,6.806836794329123,0.0,0.0,5.7437466841938605,0.0,0.0,0.5331637247980601,0.0,0.0007019907709463363,0.5504798759950221,0.0,0.0,25.632499532305413,0.0,0.0,0.5387498364277025,0.0,0.0,145.3721693321101,0.534162256197133,0.32239815324903076,5.763626817815841,0.0,0.0
2001-04-01,66.9062170910913,0.0,0.0,54.14576233579415,0.27310520064497773,0.0,44.47986173681586,0.0,0.0,15.077683955896134,0.0,0.0,26.10361530756018,0.0,0.0,29.378266513122824,0.0,0.0,2.9068506162752903,0.0,0.0,15.954619731495947,0.0,0.0,12.446403686343649,0.3615597420716622,0.20574391425921484,112.96478183447931,0.0,0.0
2001-05-01,37.03762665839926,0.0,0.0,35.5304608095137,0.0,0.0,25.925852991591285,0.0,0.0,43.477060973962296,0.0,0.0,24.17231501508313,0.0,0.0,51.43391988756983,0.0,0.0,136.84829393415717,0.0,0.0,49.73031791992065,0.0,0.0,9.534426746657171,0.2345587751871195,0.11990956216331289,76.69426406503555,0.0,0.0
2001-06-01,66.19934696416875,0.0,0.0,80.22713731133351,0.0,0.0,64.65019347469347,0.0,0.0,40.254990721286276,0.0,0.0,83.3691373080258,0.0,0.0,98.32194145701095,0.0,0.0,14.747224178967118,0.0,0.0,39.10709918652228,0.0,0.0,178.80025152271713,0.44632361911232493,0.6145382714564773,28.15946259125061,0.0,0.0
2001-07-01,58.97300858284206,0.0,0.0,40.22173685585661,0.0,0.0,62.73897825293061,0.0,0.0,96.19735308220832,0.0,0.0,102.42987786348957,0.0,0.0,122.17529440318405,0.6255255255382164,0.0,4.14249992012362,0.0,0.0,36.328602617655164,0.0,0.0,159.26741294502597,0.8929042528585986,1.183165185245978,74.43419024593183,0.0,0.0
2001-08-01,6.891949906250441,0.0,0.0,0.46922469772787095,0.0,0.0,9.747307587539924,0.0,0.0,1.0564498245219072,0.0,0.0,0.391291002227063,0.0,0.0,36.27463538157112,0.0,0.0,40.141851078480656,0.0,0.0,9.844548386865382,0.0,0.0,72.20449145934003,0.6255221080459349,0.8390960626673619,56.613280676879036,0.0,0.0
2001-09-01,16.812386799814867,0.0,0.0,7.116741076704042,0.0,0.0,9.329553879601983,0.0,0.0,14.446891967130671,0.0,0.0,12.311296513284846,0.0,0.0,9.053499055551859,0.0,0.0,23.250748949318695,0.0,0.0,19.07523473658315,0.0,0.0,98.36575444248275,0.42878236274017767,0.5859300628497063,58.16277106771161,0.0,0.0
2001-10-01,14.011321783964648,0.0,0.0,113.86958741166235,0.0,0.0,12.65082218124969,0.0,0.0,8.391949512335252,0.0,0.0,7.630371499587365,0.0,0.0,22.80619566739453,0.0,0.0,0.327239839996289,0.0,0.0,19.24541517143113,0.0,0.0,2.1336134361876953,0.28402126730244687,0.39965053836225783,13.606733441344224,0.0,0.0
2001-11-01,5.945259511838878,0.0,0.0,34.078957821259486,0.0,0.0,0.3240470202965848,0.0,0.0,0.3241477210384967,0.0,0.0,0.32500004579376285,0.0,0.0,0.3355554336985119,0.0,0.0,39.8616307181512,0.0,0.0,12.976842665930416,0.0,0.0,4.612584392467606,0.17750605666197714,0.26258607136245976,25.77252883671904,0.0,0.0
2001-12-01,0.30395705758362346,0.0,0.0,28.41543683309735,0.0,0.0,0.30460419907878966,0.0,0.0,0.3046988577761869,0.0,0.0,0.3055000430461371,0.0,0.0,0.31542210767660117,0.0,0.0,0.2891491226207209,0.0,0.0,0.30870085597459096,0.0,0.0,22.40461237945666,0.09913216687790985,0.1617340404497755,0.3015247627658961,0.0,0.0
2002-01-01,0.285719634128606,0.0,0.0,41.416002238856095,0.232388968157595,0.0,0.2863279471340623,0.0,0.0,0.2864169263096157,0.0,0.0,0.2871700404633689,0.0,0.0,0.2964967812160051,0.0,0.0,0.27180017526347766,0.0,0.0,0.2901788046161155,0.0,0.0,85.20593103463848,0.3706860748347941,0.4635154150120024,0.2834332769999423,0.0,0.0
2002-02-01,0.2685764560808897,0.0,0.0,28.759364903758634,1.0681394685330874,0.3381000309834431,0.26914827030601857,0.0,0.0,0.26923191073103875,0.0,0.0,0.26993983803556676,0.0,0.0,0.2787069743430448,0.0,0.0,6.065932228224232,0.0,0.0,0.2727680763391486,0.0,0.0,23.42745261396642,0.24127402498381742,0.3095778529912209,0.2664272803799458,0.0,0.0
2002-03-01,0.25246186871603626,0.0,0.0,44.20760690215512,1.9387370440864475,1.1412427721436638,2.218414565738048,0.0,0.0,0.2530779960871764,0.0,0.0,0.2537434477534327,0.0,0.0,0.2619845558824621,0.0,0.0,0.24016263486280887,0.0,0.0,0.2564019917587997,0.0,0.0,114.18711087705032,0.1460526393544403,0.19631059581558227,0.250441643557149,0.0,0.0
2002-04-01,17.081486825050106,0.0,0.0,48.96276544600448,2.6481741108157304,1.6342042773887677,14.466296889669742,0.0,0.0,4.883906957679368,0.0,0.0,14.639893657782759,0.0,0.0,15.98358848057639,0.0,0.0,31.964769600403855,0.0,0.0,31.318621021667337,0.14789251796622924,0.0,23.881886909974167,0.07598874445415194,0.11296854882009429,22.79933116056872,0.0,0.0
2002-05-01,32.21226598102562,0.0,0.0,50.7292113112364,2.8849944448675866,1.4496915021981176,35.273855422725106,0.0,0.0,11.028005093319193,0.0,0.0,5.4530834428568085,0.0,0.0,26.561518850452746,0.0,0.0,29.89990606842259,0.0,0.0,28.85124246886339,0.0,0.0,30.385892396547593,0.024435730166193884,0.05164547019122617,48.368354445231475,0.0,0.0
2002-06-01,8.953398064156264,0.0,0.0,70.58881666478878,2.6414678410248427,0.5607120627890867,6.661418970408473,0.0,0.0,23.822635395630197,0.0,0.0,20.33632897827759,0.0,0.0,131.1221411959881,0.19900899583196363,0.0,42.81043410421958,0.0,0.0,63.430889417313615,0.0,0.0,98.1359010231649,0.0,0.0065239489568542156,45.920793583791024,0.0,0.0
2002-07-01,7.442192959603765,0.0,0.0,15.158590326034263,1.5159586810122934,0.0,5.25779511148084,0.0,0.0,15.936047108318165,0.0,0.0,31.538936348955936,0.0,0.0,76.8013703414163,0.0,0.0,72.54310365122812,0.0,0.0,36.648913005399805,0.0,0.0,129.1187811414625,0.0,0.0,5.372134225599498,0.0,0.0
2002-08-01,39.49242084247676,0.0,0.0,24.014127518776895,0.5788601419974663,0.0,38.39305640869824,0.0,0.0,29.529295750324938,0.0,0.0,22.599474069385764,0.0,0.0,143.9968491560876,1.2494777167326594,0.148782589877279,33.76004233449819,0.0,0.0,27.59020692380628,0.0,0.0,127.4692494878185,0.0,0.0,70.72642097919244,0.0,0.0
2002-09-01,48.563417523080496,0.0,0.0,24.009177450658093,0.0,0.0,55.05521899585604,0.0,0.0,9.947801005793721,0.0,0.0,4.819027292703087,0.0,0.0,38.11829321160513,1.1013094407615036,0.0,41.31901346386189,0.0,0.0,41.04522505037009,0.0,0.0,68.77363382519,0.0,0.0,17.063613796612763,0.0,0.0
2002-10-01,3.8856259604651973,0.0,0.0,5.7911780121147025,0.0,0.0,0.16406442544060787,0.0,0.0,0.4980868150750034,0.0,0.0,2.053272221303011,0.0,0.0,6.672569031994755,0.7072806026754657,0.0,142.6235135251708,0.32044298150525696,0.0,5.691081737777573,0.0,0.0,49.904800146264556,0.0,0.0,45.651102083562094,0.0,0.0
2002-11-01,0.15389291333533214,0.0,0.0,37.0422045657323,0.0,0.0,0.1542205599141714,0.0,0.0,0.15426848544296415,0.0,0.0,0.15467412410881437,0.0,0.0,0.15969764764342909,0.44182356236595594,0.0,0.14639568241055176,0.4276809450614774,0.0,0.15629468995623072,0.0,0.0,66.66528606326993,0.0,0.0,0.15266144682961522,0.0,0.0
2002-12-01,0.1446593385352122,0.0,0.0,36.21108007131031,0.0,0.0,0.14496732631932113,0.0,0.0,0.1450123763163863,0.0,0.0,0.1453936766622855,0.0,0.0,0.15011578878482335,0.31573332499957507,0.0,15.052507571348732,0.2708752310390784,0.0,0.14691700855885687,0.0,0.0,103.97961633599718,0.6163834118743624,0.4337851644495968,0.14350176001983828,0.0,0.0
2003-01-01,0.13597977822309948,0.0,0.0,113.41845202080614,0.26613193522595746,0.0,0.13626928674016184,0.0,0.0,0.13631163373740313,0.0,0.0,0.13667005606254837,0.0,0.0,0.14110884145773395,0.24079972098782718,0.0,0.12935522497796353,0.0,0.0,0.13810198804532545,0.0,0.0,2.9415668338646825,0.42205812645532914,0.28770233600147477,0.134891654418648,0.0,0.0
2003-02-01,0.1278209915297135,0.0,0.0,63.59009867804774,1.5242543722471356,0.842042794998993,0.12809312953575214,0.0,0.0,0.12813293571315892,0.0,0.0,0.12846985269879546,0.0,0.0,0.1326423109702699,0.10392827968371578,0.0,0.12159391147928572,0.0,0.0,0.12981586876260592,0.0,0.0,115.33167691929178,0.7698960174856899,0.5863234943531556,0.12679815515352913,0.0,0.0
2003-03-01,16.91895239121762,0.0,0.0,88.97358604320968,3.097807082026939,2.3511118316898645,26.23566938258392,0.0,0.0,23.378068250585997,0.0,0.0,21.831278018958745,0.0,0.0,0.12468377231205373,0.0,0.0,5.917679624446779,0.0,0.0,0.12202691663684957,0.0,0.0,174.9698768900718,2.079754576900026,1.3976909574765108,5.818865253637287,0.0,0.0
2003-04-01,38.59397900506878,0.0,0.0,59.45543714148276,4.362418421441066,3.4516165285062628,38.294240828515605,0.0,0.0,18.260746338168023,0.0,0.0,10.985091889579031,0.0,0.0,8.67235411316083,0.0,0.0,18.40428486260497,0.0,0.0,25.287532450076142,0.0,0.0,51.054376415339355,1.7052335993355396,0.9969442185110461,83.11845974833118,0.0,0.0
2003-05-01,45.05991973253809,0.0,0.0,53.78984248037661,5.010081297343883,3.773127487883911,43.7685686175742,0.0,0.0,34.11199767604201,0.0,0.0,66.48540983811834,0.0,0.0,81.84549772965244,0.0,0.0,30.888081970067425,0.0,0.0,28.591163437641885,0.0,0.0,56.92640899643462,1.2232340943899604,0.7020747679797856,59.65408971225942,0.0,0.0
2003-06-01,50.45661983667175,0.0,0.0,24.935048733311824,4.512330749042027,2.792625809444748,47.220437044465065,0.0,0.0,40.54383543266699,0.0,0.0,43.43836422732344,0.0,0.0,63.34845780727954,0.0,0.0,111.5238161558673,0.0,0.0,27.284083707066966,0.0,0.0,134.19973168321104,0.8685788586516102,0.48510982627920285,93.54507296721916,0.0,0.0
2003-07-01,17.69073827147144,0.0,0.0,6.894422921129522,3.0736397505802087,1.6418134365130215,8.604290960957313,0.0,0.0,15.280284530339777,0.0,0.0,7.786291987941844,0.0,0.0,56.446266403295894,0.0,0.0,7.688151834952747,0.0,0.0,10.510311450756227,0.0,0.0,124.72931394432774,0.6076235361956762,0.3254670221761495,17.349672361158667,0.0,0.0
2003-08-01,14.394707549401904,0.0,0.0,22.80749955025628,1.87578564101008,0.6836470621407859,14.24163448596589,0.0,0.0,7.460524862083844,0.0,0.0,3.4150366183235366,0.0,0.0,31.831706727691884,0.0,0.0,53.33777190454309,0.0,0.0,20.83873207035148,0.0,0.0,127.28293181665246,0.4156126099327102,0.20800184691718196,7.851521456745008,0.0,0.0
2003-09-01,15.409285228273726,0.0,0.0,21.040928849701842,0.8784523179459227,0.0,22.24601413287239,0.0,0.0,35.363688261716234,0.0,0.0,51.0398772038169,0.0,0.0,36.78337884795615,0.0,0.0,59.97295493109081,0.0,0.0,28.9814727213257,0.0,0.0,44.91091879827832,0.27433097038848414,0.12157097096167899,32.8454764950239,0.0,0.0
2003-10-01,4.577441920729646,0.0,0.0,36.76318661969629,0.048072597621753366,0.0,4.832618030993795,0.0,0.0,3.1538588788550577,0.0,0.0,0.07831123174413386,0.0,0.0,3.6154287599010493,0.0,0.0,10.99627105563552,0.0,0.0,25.721441291639913,0.0,0.0,90.0467272934285,0.17037594001184253,0.05797513243360761,12.744856608935748,0.0,0.0
2003-11-01,0.07324076376223389,0.0,0.0,45.102490881880364,0.0,0.0,0.07339669742518289,0.0,0.0,0.07341950615793356,0.0,0.0,0.07361255783948582,0.0,0.0,0.07600335474155648,0.0,0.0,0.06967267926027725,0.0,0.0,0.07438381804776543,0.0,0.0,22.581125926330593,0.09388582866071182,0.011181314444650068,9.645440633542181,0.0,0.0
2003-12-01,0.06884631793649985,0.0,0.0,42.541247268769325,0.0,0.0,0.0689928955796719,0.0,0.0,0.06901433578845755,0.0,0.0,0.06919580436911668,0.0,0.0,0.07144315345706309,0.0,0.0,0.06549231850466061,0.0,0.0,0.06992078896489952,0.0,0.0,19.412941048973412,0.03760440472855325,0.0,0.06829540280504089,0.0,0.0
2004-01-01,0.06471553886030987,0.0,0.0,51.41491356320161,0.4687178474350629,0.0,0.06485332184489159,0.0,0.0,0.06487347564115009,0.0,0.0,0.06504405610696967,0.0,0.0,0.06715656424963931,0.0,0.0,15.708912327734225,0.0,0.0,0.06572554162700554,0.0,0.0,17.0258495835936,0.0,0.0,0.06419767863673843,0.0,0.0
2004-02-01,0.06083260652869128,0.0,0.0,38.208182613165796,1.079716399869755,0.5284121416655093,0.060962122534198096,0.0,0.0,0.06098106710268109,0.0,0.0,0.061141412740551494,0.0,0.0,0.06312717039466097,0.0,0.0,23.548408563411968,0.0,0.0,0.06178200912938521,0.0,0.0,109.06825719622448,0.4630778096495108,0.28298516002226476,8.06785466801619,0.0,0.0
2004-03-01,9.709413485097908,0.0,0.0,33.22123772826421,1.5196058391944605,0.9225860108493663,0.05730439518214621,0.0,0.0,0.5400156845218328,0.0,0.0,5.8730368928198695,0.0,0.0,30.76899225013192,0.0,0.0,49.96075673515413,0.0,0.0,0.058075088581622095,0.0,0.0,3.534975485154125,0.3092558643401096,0.17674369274438256,22.983665986812174,0.0,0.0
2004-04-01,5.854998334195158,0.0,0.0,29.745045281784243,1.3831582392023811,0.5602570102291742,5.590513165162624,0.0,0.0,7.268143735149742,0.0,0.0,3.6521271218776294,0.0,0.0,13.207720085729473,0.0,0.0,59.16446313768551,0.0,0.0,17.752759528579222,0.0,0.0,41.497351931630824,0.1960736769814525,0.09857122112131676,37.88419314674407,0.0,0.0
2004-05-01,34.807710427551655,0.0,0.0,154.51291519671315,1.8275533226774172,0.5487475233753688,19.52979981299701,0.0,0.0,41.38786608516185,0.0,0.0,16.07334472466751,0.0,0.0,103.49985673410133,0.09346646392251878,0.0,0.04806507598687239,0.0,0.0,75.7512113885051,0.0,0.0,32.94022511016656,0.11279422352295264,0.0410519165010648,65.76899434114254,0.0,0.0
2004-06-01,31.575848876117306,0.0,0.0,45.444845851316586,1.488931936358411,0.0,26.318982832517968,0.0,0.0,21.55478863909511,0.0,0.0,21.04078113835543,0.0,0.0,48.042145359352126,0.0,0.0,111.13900441361517,0.0,0.0,61.4283204678901,0.08048854183396856,0.0,154.1732939643964,0.051517201668188496,0.16646888418057773,55.17534369434587,0.0,0.0
2004-07-01,31.845679840522923,0.0,0.0,15.407860910784468,0.556357930050384,0.0,34.78839574244971,0.0,0.0,70.0559847191869,0.0,0.0,48.51238901858926,0.0,0.0,37.61744744833788,0.0,0.0,36.65111898278263,0.0,0.0,46.380461693918264,0.0,0.0,129.74377645348576,0.006429568987453113,0.09101101698006914,91.05816132952106,0.0,0.0
2004-08-01,17.008475060833735,0.0,0.0,70.16018619217256,0.0,0.0,8.42866786460194,0.0,0.0,31.31198171513725,0.0,0.0,17.592747239973903,0.0,0.0,43.20419405846885,0.0,0.0,76.4729359990891,0.0,0.0,54.456800007908164,0.0,0.0,124.69164327447973,0.0,0.035489118293934904,34.22535878353886,0.0,0.0
2004-09-01,59.636109959283324,0.0,0.0,69.40165229115001,0.0,0.0,58.88603525610473,0.0,0.0,41.460476862521986,0.0,0.0,16.32827188311453,0.0,0.0,44.234680452070094,0.0,0.0,30.618257959260948,0.0,0.0,58.09959794005086,1.9747685942696271,0.0,365.4749046877766,3.3151299427310885,2.729973756860765,80.3685762701984,0.0,0.0
2004-10-01,36.02483496328882,0.0,0.0,42.22174126403258,0.0,0.0,30.42039425890251,0.0,0.0,35.9305101770402,0.0,0.0,28.959920052549535,0.0,0.0,21.759171280219327,0.0,0.0,56.415487554947475,0.0,0.0,24.884724602710314,2.9724595190217156,0.0,30.831692388931852,4.630792254398158,3.3705981464523362,7.8579900753341505,0.0,0.0
2004-11-01,0.034856767346958716,0.0,0.0,38.05617591859224,0.0,0.0,0.03493097934491954,0.0,0.0,0.034941834484190755,0.0,0.0,0.03503371170125053,0.0,0.0,0.03617154051554094,0.0,0.0,85.18112617274438,0.0,0.0,0.03540077010237867,1.993494701539458,0.0,45.030247266494385,4.987736426523116,3.3177734653811366,22.898503010901994,0.0,0.0
2004-12-01,0.032765361306141196,0.0,0.0,28.218886965817397,0.0,0.0,0.032835120584224366,0.0,0.0,0.032845324415139314,0.0,0.0,0.03293168899917549,0.0,0.0,0.03400124808460848,0.0,0.0,0.03116912484065344,0.0,0.0,0.033276723896235955,1.004633352462878,0.0,45.23646087288753,4.955878631425477,2.9955293049993066,0.03250316960334131,0.0,0.0
2005-01-01,0.030799439627772724,0.0,0.0,28.50807089825005,0.0,0.0,0.030865013349170904,0.0,0.0,0.030874604950230953,0.0,0.0,0.030955787659224965,0.0,0.0,0.03196117319953197,0.0,0.0,30.39517422149084,0.0,0.0,0.0312801204624618,0.1431373630804964,0.0,23.140114407037718,4.1523465587425274,2.17263367461849,0.030552979427140834,0.0,0.0
2005-02-01,0.02895147325010636,0.0,0.0,12.348372988272894,0.0,0.0,0.02901311254822065,0.0,0.0,0.029022128653217093,0.0,0.0,0.029098440399671466,0.0,0.0,0.030043502807560057,0.0,0.0,8.235725853162325,0.0,0.0,0.02940331323471409,0.0,0.0,71.97368361683421,3.4114226120306363,1.5671470697842846,2.7499783455833877,0.0,0.0
2005-03-01,7.466983366788694,0.0,0.0,52.6809287793395,0.0,0.0,7.419339281361734,0.0,0.0,0.027280800934024067,0.0,0.0,0.02735253397569118,0.0,0.0,0.028240892639106452,0.0,0.0,16.75162862765618,0.0,0.0,0.027639114440631243,0.0,0.0,129.8805150412304,2.9978113518641227,1.121630025947277,40.63232498176245,0.0,0.0
2005-04-01,61.08318039871693,0.0,0.0,55.1617396785557,0.0,0.0,45.91628540031011,0.0,0.0,22.525070222409234,0.0,0.0,10.90493959238637,0.0,0.0,5.637747916131541,0.0,0.0,12.300020381432358,0.0,0.0,10.687836846675756,0.0,0.0,120.45565850399095,2.273014517474396,0.7938185850920063,37.66549827582545,0.0,0.0
2005-05-01,61.314677733973596,0.0,0.0,85.90988454100642,0.0,0.0,59.81975212394775,0.0,0.0,62.81920419265843,0.0,0.0,68.56281615995842,0.0,0.0,54.151461221095296,0.0,0.0,55.77329628867337,0.0,0.0,59.21870903089474,0.05123056635997189,0.0,47.458483056251495,1.641007293957661,0.5526149269106981,73.69845747839702,0.0,0.0
2005-06-01,86.351290356068,0.0,0.0,80.79372152225697,0.0,0.0,78.63226499455777,0.0,0.0,56.19957550066924,0.0,0.0,102.12169318645468,0.0,0.0,174.79295106247804,1.3239143948936751,0.629623876096381,76.30425410217329,0.0,0.0,73.41699347146294,0.645336366440497,0.0,199.97548212951702,2.02898966795201,1.1754841339581432,107.62158066934164,0.0,0.0
2005-07-01,39.90920536634454,0.0,0.0,0.9055074411266245,0.0,0.0,40.52285534000149,0.0,0.0,30.159293841722832,0.0,0.0,36.30188524761114,0.0,0.0,45.787051488963705,0.6093396783604896,0.0,29.536859817956945,0.0,0.0,25.450851670792346,0.0,0.0,120.33420173690226,1.6299125027758592,0.8334444377664019,10.283756105060041,0.0,0.0
2005-08-01,28.502220671316987,0.0,0.0,1.830271217681488,0.0,0.0,33.37268250592952,0.0,0.0,26.794881108680404,0.0,0.0,31.67353787982478,0.0,0.0,54.05845803829776,0.0,0.0,99.18677316784438,0.0,0.0,58.834469027576056,0.0,0.0,114.01646066784438,1.1678128315424774,0.5817716293085184,86.55301604759433,0.0,0.0
2005-09-01,11.274339262092656,0.0,0.0,25.14829709244775,0.0,0.0,4.166085319001482,0.0,0.0,5.523577890597076,0.0,0.0,1.1927306180216213,0.0,0.0,1.1975907537537975,0.0,0.0,7.266716863222928,0.0,0.0,44.280206305843365,0.0,0.0,28.774897100039336,0.8277998934489547,0.3965907768452078,5.384244569601952,0.0,0.0
2005-10-01,3.7467716065624086,0.0,0.0,43.975984471979004,0.0,0.0,7.089150030794011,0.0,0.0,16.074526925657345,0.0,0.0,20.01164924859169,0.0,0.0,23.211837756038335,0.0,0.0,23.927695144154164,0.0,0.0,33.210818854250576,2.114033223608265,0.0,63.446231521107286,0.577618373599741,0.260334705602704,14.653198531900445,0.0,0.0
2005-11-01,0.01658904368917178,0.0,0.0,50.99340021559569,0.0,0.0,0.01662436268660429,0.0,0.0,0.0166295288679036,0.0,0.0,5.031379676000409,0.0,0.0,10.457064624465097,0.0,0.0,0.01578087202834952,0.0,0.0,15.061972039088987,4.110689123905726,0.0,45.10047325484086,0.3935348112946893,0.1600774883824696,8.89804351573837,0.0,0.0
2005-12-01,0.015593701067821474,0.0,0.0,61.54007571133267,0.0,0.0,0.015626900925408034,0.0,0.0,0.6718234470085711,0.0,0.0,0.015672859795852687,0.0,0.0,0.0161818846925044,0.0,0.0,0.014834019706648549,0.0,0.0,0.037919873350320925,3.77311127113708,0.0,87.74308719353479,0.6897170977887969,0.34225102181911554,0.015468918710083273,0.0,0.0
2006-01-01,0.014658079003752184,0.0,0.0,82.35219735091927,0.0,0.0,0.346283372563243,0.0,0.0,0.020255144314033382,0.0,0.0,0.014732488208101524,0.0,0.0,0.015210971610954135,0.0,0.0,4.349561043953937,0.0,0.0,0.04281847778281684,2.6523695932853046,0.0,74.37903797266488,0.943458115721452,0.27884169661578534,0.014540783587478278,0.0,0.0
2006-02-01,0.013778594263527053,0.0,0.0,39.863091475896425,0.9339886943098853,0.407860915092039,0.01380792965769054,0.0,0.0,0.019039835655191382,0.0,0.0,0.013848538915615433,0.0,0.0,0.014298313314296887,0.0,0.0,0.013107339812794657,0.0,0.0,0.04024936911584783,1.8493644229758168,0.0,99.7901092929378,1.2973985013626845,0.18467094854997373,0.01366833657222958,0.0,0.0
2006-03-01,7.312745884955373,0.0,0.0,36.52583218448562,1.9785632647306204,1.4025971395360128,5.9700854719446355,0.0,0.0,0.0178974455158799,0.0,0.0,4.180524798211538,0.0,0.0,0.013440414515439075,0.0,0.0,33.246399878916215,0.0,0.0,0.03783440696889696,0.8790670840817343,0.0,7.815915870127152,0.9231490293026633,0.10440409594307065,11.150096466358365,0.0,0.0
2006-04-01,32.31530892116469,0.0,0.0,71.20278596674808,2.950411037496003,2.152482669045332,29.720168826293975,0.0,0.0,30.96483690444899,0.0,0.0,28.586949703751465,0.0,0.0,14.057038591695296,0.0,0.0,0.9703630785640541,0.0,0.0,16.991623607687483,1.8711248935557534,0.0,28.347860942333586,0.6477762677608996,0.04534374579491139,26.818678294343663,0.0,0.0
2006-05-01,7.649237248687777,0.0,0.0,62.72849979018852,3.2036019745944753,1.9259277826167216,12.203405901306178,0.0,0.0,11.164921543697675,0.0,0.0,12.991696466643562,0.0,0.0,20.811827122140844,0.0,0.0,76.83023489126234,0.0,0.0,35.49577789410709,0.8980248068804753,0.0,50.12533987173107,0.4451569898184701,0.0018871401558958104,5.609916849612728,0.0,0.0
2006-06-01,33.529489312594634,0.0,0.0,55.016224495160024,2.7467980321467063,0.9202006718065466,29.226500131212184,0.0,0.0,21.073034887550428,0.0,0.0,25.25115952239495,0.0,0.0,33.17171637176552,0.0,0.0,27.484348532161583,0.0,0.0,34.91306832983567,0.05026001191894637,0.0,104.60297035833347,0.29606972510843027,0.0,58.3685328676887,0.0,0.0
2006-07-01,10.001599287335052,0.0,0.0,7.8379085571886975,1.6036572415650894,0.08283227934609949,15.73044009160117,0.0,0.0,3.935798057969274,0.0,0.0,8.859194565309064,0.0,0.0,18.479603697076776,0.0,0.0,28.318045432731886,0.0,0.0,33.064442127994745,0.0,0.0,90.75755043761471,0.186371315734783,0.0,57.76618359093988,0.0,0.0
2006-08-01,40.33372113405003,0.0,0.0,12.382823710505424,0.6518782193269758,0.0,30.051478188058226,0.0,0.0,40.163135007254795,0.0,0.0,28.991121071322162,0.0,0.0,51.93819039029123,0.0,0.0,96.62259216233439,0.0,0.0,22.34571726291272,0.0,0.0,81.07071227952189,0.10565522611765331,0.0,61.65517522196786,0.0,0.0
2006-09-01,37.965377370401555,0.0,0.0,41.952234872591895,0.0,0.0,35.934527863473946,0.0,0.0,44.429949445882,0.0,0.0,36.46322241055846,0.0,0.0,19.748682536209692,0.0,0.0,23.12591924978182,0.0,0.0,29.32230442733327,0.0,0.0,59.39625006032869,0.0462643273773693,0.0,76.04228646157948,0.0,0.0
2006-10-01,0.008399003079806424,0.0,0.0,36.26486262105669,0.0,0.0,0.00841688502488834,0.0,0.0,1.0743548106720504,0.0,0.0,6.006059742194481,0.0,0.0,9.35383909868555,0.0,0.0,37.47129854303709,0.0,0.0,37.3737779292714,1.7512844409966948,0.0,52.94589265924804,0.0025645040842683297,0.0,19.94052478658002,0.0,0.0
2006-11-01,2.930787061186034,0.0,0.0,133.577594556878,0.0,0.0,0.026467322362848163,0.0,0.0,0.010909726865711749,0.0,0.0,0.007935140817108367,0.0,0.0,0.008192859209728343,0.0,0.0,0.00751043758377555,0.0,0.0,9.45862339554392,3.1587468315108334,0.0,18.01656195125565,0.0,0.0,0.007831885810998857,0.0,0.0
2006-12-01,0.007421359121316955,0.0,0.0,56.41155207122091,0.8666693475758092,0.11144979157007605,0.007437159607991337,0.0,0.0,0.010255143253769044,0.0,0.0,0.007459032368081865,0.0,0.0,0.007701287657144642,0.0,0.0,51.11598925468813,0.0,0.0,0.028887943715582058,2.2195615813664022,0.0,53.97090258476626,0.0,0.0,0.6476177099670265,0.0,0.0
2007-01-01,0.0069760775740379385,0.0,0.0,31.680315295293568,1.8016668382419687,1.0807515362427567,0.006990930031511857,0.0,0.0,0.009639834658542899,0.0,0.0,0.007011490425996954,0.0,0.0,0.007239210397715963,0.0,0.0,0.006636222649024076,0.0,0.0,0.027154667092647133,1.201582849517976,0.0,81.04658983593028,0.037569872875218166,0.0,0.006920254302598589,0.0,0.0
2007-02-01,0.006557512919595662,0.0,0.0,48.79303416419838,2.8726331217397734,2.1637692075039148,0.006571474229621146,0.0,0.0,0.009061444579030326,0.0,0.0,0.006590801000437137,0.0,0.0,0.006804857773853005,0.0,0.0,0.006238049290082631,0.0,0.0,0.025525387067088307,0.3147197784265604,0.0,46.31615015866509,0.0,0.0,15.57623830654246,0.0,0.0
2007-03-01,28.995034301402235,0.0,0.0,47.972494707920625,3.8780288643650365,3.0939891485583972,20.124539612533656,0.0,0.0,14.831538692962882,0.0,0.0,4.411834238438458,0.0,0.0,11.190498433983203,0.0,0.0,101.25601025070769,0.0,0.0,2.246077146313766,0.0,0.0,24.640934567113927,0.0,0.0,58.7076393308733,0.0,0.0
2007-04-01,25.58175247036888,0.0,0.0,46.33502170754313,4.540617460083554,3.4847169069745068,23.48310147650429,0.0,0.0,18.43037912895347,0.0,0.0,7.138999290943675,0.0,0.0,1.6224853980613985,0.0,0.0,51.425793922774595,0.0,0.0,8.240030123125761,0.0,0.0,9.093797767989436,0.0,0.0,97.47907675982401,0.0,0.0
2007-05-01,61.00806497351394,0.0,0.0,51.6261817576296,4.456860900816078,2.895297890832942,39.81012124728904,0.0,0.0,70.13922184752485,0.0,0.0,89.46403744628003,0.0,0.0,125.35526138098923,0.3823826233375799,0.0,97.81194391924406,0.0,0.0,16.534361683658137,0.0,0.0,8.555584055962806,0.0,0.0,151.53034875579706,0.3696875566763568,0.0
2007-06-01,29.357991475493723,0.0,0.0,36.55142982189839,3.5216269813763925,1.727298223907502,17.90727300565482,0.0,0.0,43.07437818022805,0.0,0.0,48.15468189383916,0.0,0.0,74.46617714344238,0.2516257995048548,0.0,67.64508031143316,0.0,0.0,23.938697229953103,0.0,0.0,116.74016087783941,0.0,0.0,56.46156103357424,0.7136306867007195,0.0
2007-07-01,5.752819787257069,0.0,0.0,0.23161936217432494,2.248779824693976,0.7548217012253835,10.145702653147561,0.0,0.0,41.45510604117218,0.0,0.0,21.725387552474434,0.0,0.0,63.669776827335845,0.0,0.0,21.337854496653424,0.0,0.0,27.53751370181998,0.0,0.0,107.63792773884093,0.0,0.0,56.89309332370823,0.0,0.0
2007-08-01,59.44716299015837,0.0,0.0,5.303060030033709,1.1890072820402002,0.0,50.17610328570675,0.0,0.0,49.39841430272529,0.0,0.0,52.02360197022441,0.0,0.0,47.63900843058632,0.0,0.0,47.47491501396359,0.0,0.0,36.542490174632654,0.0,0.0,124.91942795341673,0.0,0.0,65.30043436002792,0.0,0.0
2007-09-01,14.886483540338705,0.0,0.0,30.76611516724536,0.3066406630266687,0.0,10.994735391787007,0.0,0.0,3.3416915734680197,0.0,0.0,15.218930053671098,0.0,0.0,17.003634599555824,0.0,0.0,74.61376813558671,0.0,0.0,34.83207693358829,0.0,0.0,75.12657331136796,0.0,0.0,44.4611911353403,0.0,0.0
2007-10-01,44.731444765955494,0.0,0.0,57.95965228553095,0.0,0.0,26.932344389617676,0.0,0.0,10.612296951618532,0.0,0.0,0.004017547569971965,0.0,0.0,10.295819782859818,0.0,0.0,18.579342682217135,0.0,0.0,62.67304239325659,4.127999182556728,0.0,103.51421511874058,0.0,0.0,37.63669898850895,0.0,0.0
2007-11-01,0.0037574208184753145,0.0,0.0,21.963975614219407,0.0,0.0,0.003765420576552219,0.0,0.0,0.005192160644467054,0.0,0.0,0.003776494715773647,0.0,0.0,0.0038991481343227676,0.0,0.0,0.00357436981926326,0.0,0.0,0.01462591411431515,3.434787608695841,0.0,3.674982450873951,0.0,0.0,0.0180481966593486,0.0,0.0
2007-12-01,0.0035319755693667956,0.0,0.0,9.499994588314422,0.0,0.0,0.0035394953419590853,0.0,0.0,0.00488063100579903,0.0,0.0,0.0035499050328272282,0.0,0.0,0.0036651992462634017,0.0,0.0,5.358193892005108,0.0,0.0,0.013748359267456241,2.260287764672856,0.0,42.885299604895735,0.0,0.0,0.016965304859787683,0.0,0.0
2008-01-01,0.003320057035204788,0.0,0.0,18.729370557056622,0.0,0.0,0.0033271256214415404,0.0,0.0,0.004587793145451089,0.0,0.0,0.0033369107308575947,0.0,0.0,0.0034452872914875975,0.0,0.0,0.0031583131723010166,0.0,0.0,0.012923457711408867,1.2370635005702197,0.0,37.1881924928598,0.0,0.0,0.01594738656820042,0.0,0.0
2008-02-01,0.003120853613092501,0.0,0.0,38.189509258340806,0.0,0.0,0.003127498084155048,0.0,0.0,0.004312525556724024,0.0,0.0,0.003136696087006139,0.0,0.0,0.003238570053998342,0.0,0.0,11.387371280202277,0.0,0.0,0.012148050248724333,0.3456305216911215,0.0,57.13069098235072,0.0,0.0,0.014990543374108397,0.0,0.0
2008-03-01,0.6571106959021663,0.0,0.0,39.46310914662317,0.0,0.0,1.8315386335994963,0.0,0.0,0.004053774023320583,0.0,0.0,0.0029484943217857706,0.0,0.0,0.003044255850758441,0.0,0.0,0.910302587374514,0.0,0.0,0.011419167233800874,0.0,0.0,75.07456192575343,0.0,0.0,4.265369034355646,0.0,0.0
2008-04-01,24.246455706369716,0.0,0.0,39.764376636022995,0.23951700390246797,0.0,22.5509659719556,0.0,0.0,19.606438111058484,0.0,0.0,6.802878396185917,0.0,0.0,12.566785245519245,0.0,0.0,22.48925654516915,0.0,0.0,2.7687563255493823,0.0,0.0,53.99341914282541,0.0,0.0,84.62961527303162,0.0,0.0
2008-05-01,62.04493221896801,0.0,0.0,55.390849181904585,0.406781821371615,0.0,65.11114867525936,0.0,0.0,99.40453406316452,0.0,0.0,40.19987701809836,0.0,0.0,14.120628136891606,0.0,0.0,59.87286990245901,0.0,0.0,76.70723963437092,6.006765812011365,0.0,47.90183718761526,0.0,0.0,140.3719357687591,0.0,0.0
2008-06-01,78.60834480633774,0.0,0.0,73.17970682474032,0.14160126540513585,0.0,58.49048500376723,0.0,0.0,102.87453399203089,0.0,0.0,66.79795678470778,0.0,0.0,86.1875260687953,0.0,0.0,72.27358254717866,0.0,0.0,47.30584077876959,4.500995175416797,0.0,107.38880471514742,0.0,0.0,81.71573217146167,0.0,0.0
2008-07-01,49.41696325858247,0.0,0.0,1.0159351574433892,0.0,0.0,56.12217443381464,0.0,0.0,55.41007415954029,0.0,0.0,32.90021768328937,0.0,0.0,50.84687142849571,0.0,0.0,25.499041617785434,0.0,0.0,6.438915808117637,3.189167796816753,0.0,109.43004747716044,0.0,0.0,60.5761810634396,0.0,0.0
2008-08-01,23.861628690606587,0.0,0.0,39.0484112379382,0.0,0.0,28.900341770520132,0.0,0.0,38.348064802741305,0.0,0.0,17.88112509348341,0.0,0.0,79.39480621309848,0.0,0.0,93.77206762657768,0.0,0.0,12.931090228527065,2.046303784582973,0.0,200.6156955562652,0.5474429600710938,0.3401470485542315,37.10875155705509,0.0,0.0
2008-09-01,33.754001342705344,0.0,0.0,14.672178804872837,0.0,0.0,28.28424551966002,0.0,0.0,21.458259222682297,0.0,0.0,16.78202064939784,0.0,0.0,56.508374554179746,0.0,0.0,36.92438309535021,0.0,0.0,21.19975395910255,1.0506406571269344,0.0,28.24923966273302,0.37133174202031083,0.2188034103262035,43.84919246704976,0.0,0.0
2008-10-01,18.930549226010214,0.0,0.0,24.503194817303125,0.0,0.0,16.001224357816355,0.0,0.0,28.811719968149482,0.0,0.0,25.673127852816783,0.0,0.0,45.68772852624146,0.010710292089931905,0.0,82.88111267554716,0.0,0.0,8.100657637572022,0.18321894048834636,0.0,90.47168274390654,0.24174910777854478,0.12951876131802056,121.54995808211271,0.0,0.0
2008-11-01,11.231466577625381,0.0,0.0,99.5765889353023,0.0,0.0,16.920987596786826,0.0,0.0,9.589777268107389,0.0,0.0,21.61840497656965,0.19930695957010536,0.21506793327747062,26.964158479789955,0.6397021836597573,0.0021784184280452257,0.0017011152096463365,0.0,0.0,3.154134078975903,0.44816261949882885,0.0,48.954392765600275,0.1464022055034532,0.06382311657779952,0.008589503435946742,0.0,0.0
2008-12-01,0.0016809389248892972,0.0,0.0,45.04215708622562,0.0,0.0,0.0016845177374287515,0.0,0.0,0.0023227914447720814,0.0,0.0,0.001689471920783837,0.21769025503213554,0.24681945781083584,0.00939899785802658,0.5862258699216821,0.0,0.0015990482970675562,0.0,0.0,0.0065431234707472325,0.0,0.0,8.308128284136913,0.07624595480944091,0.015484261177944872,0.008074133229789936,0.0,0.0
2009-01-01,0.0015800825893959394,0.0,0.0,63.0769405746432,0.49270582609182967,0.0,0.0015834466731830265,0.0,0.0,0.0021834239580857564,0.0,0.0,0.001588103605536807,0.18729795742270997,0.2267748393343084,0.008905973447131533,0.5682465137600718,0.0,0.0015031053992435029,0.0,0.0,0.006150536062502399,0.0,0.0,32.9022477343055,0.024624985548786626,0.0,0.00758968523600254,0.0,0.0
2009-02-01,7.201318956833251,0.0,0.0,32.2605465609329,1.5693607543854171,0.8964901308861333,4.542004339530995,0.0,0.0,6.643859493067414,0.0,0.0,3.342250689732268,0.3654125194442902,0.4128366875536705,0.010540214395524434,0.5753289180657151,0.0,0.0014129190752888926,0.0,0.0,0.005781503898752254,0.0,0.0,24.749356034309667,0.0,0.0,0.9428886986530924,0.0,0.0
2009-03-01,7.05127866830021,0.0,0.0,58.70438389827851,2.78992019340768,2.0924051575678324,7.138839624203081,0.0,0.0,7.607814555258272,0.0,0.0,19.7501599671197,0.554910087529274,0.6388754849563104,14.370004078291894,0.8203159486174124,0.009033064474336827,0.8094656561378029,0.0,0.0,3.2281335882742024,0.0,0.0,57.87021242127452,0.0,0.0,0.006706245874531844,0.0,0.0
2009-04-01,34.78772596553618,0.0,0.0,34.686999011592775,3.688455741668124,2.856066532893394,36.46625353996379,0.0,0.0,17.888267354763823,0.0,0.0,7.4456166706290725,0.2743849074781322,0.3228077521743043,21.150109231877387,0.49160513539946565,0.0,49.537069988498054,0.0,0.0,20.522631730204314,0.08426141662347814,0.0,205.18100919748244,0.6321914840562404,0.10994620051387788,43.71367081448143,0.0,0.0
2009-05-01,10.960103581920416,0.0,0.0,68.97523804778632,4.060183863325286,2.85889571808656,12.687482001882366,0.0,0.0,23.65572167968893,0.0,0.0,24.021160859356172,0.11260603614263885,0.14053149067892126,42.77784022679287,0.0,0.0,48.229249719852234,0.0,0.0,36.14522255686081,0.0,0.0,159.075917200321,1.1877765562458171,0.2886074242280418,47.834075052917235,0.0,0.0
2009-06-01,64.29589229498372,0.0,0.0,56.56582056667696,3.7624572309074824,1.9784273317629544,67.84141478342957,0.0,0.0,48.341845480958376,0.0,0.0,63.22096524343933,0.01930816104345981,0.03541277067453391,40.10187244990404,0.0,0.0,48.6057662210361,0.0,0.0,90.19639622737493,5.094501915596789,0.0,82.24192344759861,0.8424892020856721,0.18088055474699316,120.45005252239847,0.0,0.0
2009-07-01,53.4353918090425,0.0,0.0,16.37042376187556,2.44929509045357,0.9639117964258364,37.87095016009568,0.0,0.0,56.45267105581181,0.0,0.0,43.35835430148922,0.0,0.0,25.78934561316371,0.0,0.0,75.94668514035206,0.0,0.0,32.230805568966815,3.7062308688673977,0.0,112.00942317746144,0.5884267668946375,0.10161512418283758,61.466722710898296,0.0,0.0
2009-08-01,56.44274217745308,0.0,0.0,60.35759460691498,1.355956292311643,0.11922616170415122,48.17119894882979,0.0,0.0,47.205973927228726,0.0,0.0,25.376038224063933,0.0,0.0,28.413713636139512,0.0,0.0,77.87811096064186,0.0,0.0,33.206237630336624,2.49676913295695,0.0,122.54867980829812,0.40148762708107427,0.043291620373731875,88.38931505136941,0.0,0.0
2009-09-01,4.298120456864481,0.0,0.0,0.18782960432820525,0.4456424089786741,0.0,5.6757470192242145,0.0,0.0,8.58486781093094,0.0,0.0,13.578212808061503,0.0,0.0,41.84271155771724,0.0,0.0,27.53653331179242,0.0,0.0,10.681614776325016,1.4430860686319338,0.0,43.69906688112836,0.2639378080062545,0.00037718627099192064,24.38627621664661,0.0,0.0
2009-10-01,47.5439168537202,0.0,0.0,41.90148048236539,0.0,0.0,50.821763019603964,0.0,0.0,38.85308476327118,0.0,0.0,34.17680119802508,0.0,0.0,53.967301452144824,0.10362515620810629,0.0,55.33524237509659,0.0,0.0,15.635816400487702,2.022647871116811,0.0,40.073187931737216,0.16272865113100202,0.0,77.77098703378454,0.0,0.0
2009-11-01,0.0008510563641668584,0.0,0.0,22.55852910459534,0.0,0.0,0.0008528683105396654,0.0,0.0,0.0030861398772503127,0.0,0.0,0.016810923995135698,0.0,0.0,0.0060394880630107416,0.09335642601620432,0.0,0.0008095952861101992,0.0,0.0,0.6901423548510793,1.985967812108952,0.0,23.956687280832988,0.08825895350219132,0.0,0.0040879191793338834,0.0,0.0
2009-12-01,0.0007999929823168469,0.0,0.0,10.554234538667062,0.0,0.0,0.0008016962119072855,0.0,0.0,0.0029009714846152937,0.0,0.0,0.015802268555427556,0.0,0.0,0.005677118779230096,0.0,0.0,0.0007610195689435872,0.0,0.0,0.00899924019575674,0.9980759579092426,0.0,116.28972586331895,0.8851031075159657,0.6796130315301319,0.0038426440285738504,0.0,0.0
2010-01-01,0.0007519934033778361,0.0,0.0,40.63037313915188,0.0,0.0,0.0007535944391928483,0.0,0.0,0.002726913195538376,0.0,0.0,0.014854132442101904,0.0,0.0,0.005336491652476291,0.0,0.0,0.000715358394806972,0.0,0.0,0.008459285784011335,0.13742457453050125,0.0,102.49607668651981,1.9066915725878388,1.441470381478601,0.003612085386859419,0.0,0.0
2010-02-01,0.0007068737991751659,0.0,0.0,23.265209987656366,0.0,0.0,0.0007083787728412775,0.0,0.0,0.0025632984038060735,0.0,0.0,0.01396288449557579,0.0,0.0,0.005016302153327714,0.0,0.0,15.700004101930181,0.0,0.0,0.007951728636970655,0.0,0.0,60.749799634156744,2.309909876467366,1.428319457098336,0.003395360263647854,0.0,0.0
2010-03-01,12.105966890570445,0.0,0.0,43.124108500791316,0.0,0.0,11.651323529855064,0.0,0.0,0.0024095004995777092,0.0,0.0,0.013125111425841243,0.0,0.0,4.621705985645223,0.0,0.0,11.563145823587808,0.0,0.0,1.0115174410808618,0.0,0.0,58.5209567977089,1.7048881943519694,1.0194806685329554,28.006823230444702,0.0,0.0
2010-04-01,55.44761556048583,0.0,0.0,63.14655794306828,0.0,0.0,63.49866669496806,0.0,0.0,27.688089515430544,0.0,0.0,29.570470539310605,0.0,0.0,39.464857209270185,0.0,0.0,73.38689787617449,0.0,0.0,13.55142159420097,0.0,0.0,22.58346464863543,1.2229799454041788,0.7186570879065485,54.21977870478209,0.0,0.0
2010-05-01,45.289307821192615,0.0,0.0,86.466984315117,0.0,0.0,51.95920653213716,0.0,0.0,79.72834973776644,0.0,0.0,57.761041928534,0.0,0.0,66.91930317905772,0.0,0.0,52.9942169625884,0.0,0.0,44.27252865084384,0.0,0.0,92.91363224579153,0.8683918558283946,0.4973110972816386,61.604059145581104,0.0,0.0
2010-06-01,74.96513318981168,0.0,0.0,132.14445426988186,0.0,0.0,77.55000985309955,0.0,0.0,79.9973992417817,0.0,0.0,51.68275209348602,0.0,0.0,92.83040573050177,0.0,0.0,15.96783762647372,0.0,0.0,98.20623271792603,5.3452886647397575,0.0,129.8415894575284,0.6074859395185329,0.3344447173798297,171.53779496696345,0.0,0.0
2010-07-01,43.41347043768079,0.0,0.0,9.702625575700658,0.0,0.0,38.76835130292921,0.0,0.0,35.73048839274354,0.0,0.0,48.159038921001866,0.0,0.0,55.837275234327905,0.0,0.0,103.13029086742046,0.0,0.0,16.765520559049673,3.924716284721234,0.0,83.59808871898295,0.4155113662977365,0.21460763504807864,94.97218180996124,0.0,0.0
2010-08-01,21.695604838373075,0.0,0.0,24.71381566689104,0.0,0.0,14.793800761862832,0.0,0.0,26.397178498358617,0.0,0.0,34.24609802617144,0.0,0.0,48.47988881792448,0.0,0.0,25.944131496429915,0.0,0.0,39.88998272760631,2.687113627249111,0.0,101.05134280014086,0.27425647532187464,0.12643150986837637,73.4423081767542,0.0,0.0
2010-09-01,16.202831133519904,0.0,0.0,36.71332339679945,0.0,0.0,14.271281511317078,0.0,0.0,43.56944178259772,0.0,0.0,61.111276297433186,0.0,0.0,79.67477395564589,0.0,0.0,30.30092128974959,0.0,0.0,15.051662255160863,1.6089141920594119,0.0,53.4172085211949,0.1703211265418354,0.061551516961151284,28.73002163927394,0.0,0.0
2010-10-01,16.20470182337004,0.0,0.0,61.046673162913365,0.0,0.0,17.918751507845084,0.0,0.0,7.682987983161391,0.0,0.0,0.008511340680939861,0.0,0.0,20.660156170650883,0.0,0.0,40.011945541173205,0.0,0.0,25.44757478791762,1.7129989477061525,0.0,1.6363390043079706,0.09384549690948245,0.013812818180015136,14.645101017187034,0.0,0.0
2010-11-01,0.00040503501275896504,0.0,0.0,39.04331320282606,0.0,0.0,0.00040589735484713795,0.0,0.0,0.00146875666194179,0.0,0.0,0.008000660240083468,0.0,0.0,0.0028743150602649975,0.0,0.0,27.793732470812188,0.0,0.0,0.004556299177716628,0.7602654832415946,0.0,8.435385913195,0.03757472862599719,0.0,1.8182434363804203,0.0,0.0
2010-12-01,0.0003807329119934272,0.0,0.0,59.06530361830573,0.0,0.0,0.00038154351355630965,0.0,0.0,0.0013806312622252825,0.0,0.0,0.00752062062567846,0.0,0.0,0.002701856156649098,0.0,0.0,0.0003621846728314395,0.0,0.0,0.00428292122705363,0.09259611177439307,0.0,34.93469751182127,0.0,0.0,0.0018287923557979775,0.0,0.0
2011-01-01,0.0003578889372738216,0.0,0.0,97.87513717302937,0.21380787328773587,0.0,0.0003586509027429311,0.0,0.0,0.0012977933864917655,0.0,0.0,0.007069383388137752,0.0,0.0,0.002539744787250152,0.0,0.0,0.00034045359246155307,0.0,0.0,0.004025945953430411,0.0,0.0,86.97429064890497,0.21963496748945616,0.1986928960731757,0.001719064814450099,0.0,0.0
2011-02-01,0.0003364156010373923,0.0,0.0,42.44566677509761,1.4793731776673509,0.6661768806171458,0.0003371318485783552,0.0,0.0,0.0012199257833022598,0.0,0.0,0.006645220384849487,0.0,0.0,0.01653816271231983,0.0,0.0,0.0003200263769138599,0.0,0.0,0.003784389196224587,0.0,0.0,55.30280415723629,0.13013062107874185,0.11472144493064271,0.0016159209255830929,0.0,0.0
2011-03-01,0.00031623066497514876,0.0,0.0,85.621075583039,3.0685100528739473,2.158184697646693,0.0003169039376636539,0.0,0.0,6.0557350481073975,0.0,0.0,0.5727595686851961,0.0,0.0,0.958294477514248,0.0,0.0,0.0003008247942990283,0.0,0.0,0.003557325844451112,0.0,0.0,61.45191825643493,0.06427332298973822,0.052935251179966905,3.9031974324669236,0.0,0.0
2011-04-01,32.19970826756727,0.0,0.0,92.93162328309826,4.838866436562598,3.7195560136139476,29.677370033256093,0.0,0.0,29.488379562164315,0.0,0.0,29.629776135677368,0.0,0.0,32.49501710381578,0.0,0.0,0.00028277530664108663,0.0,0.0,4.420214003481284,0.0,0.0,48.07808428897852,0.015815523055849406,0.007472969818219686,48.37754477108923,0.0,0.0
2011-05-01,95.97519397219682,0.08918258795938172,0.0,87.06391886871194,6.266387346037282,4.684983168759111,112.71458665694433,0.34309781298275865,0.0,89.17700812388367,0.0,0.0,93.56800720669688,0.0,0.0,63.71513264239092,0.0,0.0,2.342411347118321,0.0,0.0,67.92211297967866,5.744712122373207,0.0,20.229004212108556,0.0,0.0,91.10360656236293,0.0,0.0
2011-06-01,83.45554219714627,0.671019618180139,0.0,81.64582213990954,7.114899912367293,4.80845053023523,61.88350296143391,0.0,0.0,65.7880862448491,0.0,0.0,64.8623537762482,0.0,0.0,75.28423139771465,0.0,0.0,3.0111087774972765,0.0,0.0,43.40986383761669,4.2726940010115335,0.0,93.33723106143283,0.0,0.0,73.20082827897271,0.0,0.0
2011-07-01,59.20004548074717,0.0,0.0,20.532890804679024,6.49178539489571,3.3397766707546186,35.213992539607254,0.0,0.0,41.44148673910346,0.0,0.0,44.43220849693893,0.0,0.0,105.34808144451583,0.0,0.0,8.888717534660916,0.0,0.0,23.867297642125315,2.9902718136812467,0.0,125.95884082567655,0.0,0.0,79.85625795235154,0.0,0.0
2011-08-01,39.59020705854297,0.0,0.0,6.492785642531095,4.721733719790169,2.097371256070296,38.377454256762064,0.0,0.0,41.440367957120536,0.0,0.0,49.36083433673197,0.0,0.0,80.38612282737614,0.0,0.0,23.064857006995325,0.0,0.0,23.04256129726967,1.8730256040791,0.0,84.93193464371409,0.0,0.0,38.80810330040576,0.0,0.0
2011-09-01,11.139904742452266,0.0,0.0,1.5573054180417287,3.247988695097294,1.0629445078041284,11.30868725037978,0.0,0.0,0.0007910945370494212,0.0,0.0,5.574086193031953,0.0,0.0,41.63600196652263,0.0,0.0,10.881321726712324,0.0,0.0,10.036800099902237,0.8996807062737108,0.0,93.28880005923186,0.0,0.0,8.488398352381415,0.0,0.0
2011-10-01,19.93823912611802,0.0,0.0,83.78788428961451,2.4019728596704506,0.5178889158277247,17.684372985571837,0.0,0.0,9.993205787067952,0.0,0.0,9.342180907924647,0.0,0.0,24.537031728902363,0.0,0.0,41.071670297865445,0.0,0.0,40.429617026769435,3.529344427497615,0.0,59.488384775404505,0.0,0.0,61.24364858942213,0.0,0.0
2011-11-01,0.00019276439078304183,0.0,0.0,25.856019191222007,1.8521068520922217,0.17310068014023752,0.00019317479690112265,0.0,0.0,0.0006990111329368686,0.0,0.0,0.0038076767401824044,0.0,0.0,0.010586924777595562,0.0,0.0,16.612483483313827,0.0,0.0,0.0021684353390468212,2.3426656652359203,0.0,39.36114528751305,0.0,0.0,0.0009259142911715673,0.0,0.0
2011-12-01,0.00018119852733605932,0.0,0.0,41.425972678267975,1.8297231651997976,0.31331659225091363,0.00018158430908705528,0.0,0.0,0.0006570704649606564,0.0,0.0,0.0061848827731921146,0.0,0.0,0.010019976159531136,0.0,0.0,27.866761726512266,0.0,0.0,0.0020383292187040117,1.3307753114412253,0.0,25.192848152293518,0.0,0.0,0.0008703594337012733,0.0,0.0
2012-01-01,0.00017032661569589574,0.0,0.0,57.4428680312903,2.245794385913506,0.8543919924418862,0.00017068925054183196,0.0,0.0,0.000617646237063017,0.0,0.0,0.005813789806800588,0.0,0.0,0.009418777589959269,0.0,0.0,0.00016202878090394588,0.0,0.0,0.0019160294655817711,0.4272722513275958,0.0,25.47988309811684,0.0,0.0,0.0008181378676791969,0.0,0.0
2012-02-01,2.7353842586300825,0.0,0.0,67.41342148576891,3.0286023383113228,1.714336541639421,1.9402056139111343,0.0,0.0,0.000580587462839236,0.0,0.0,0.005464962418392553,0.0,0.0,0.008853650934561712,0.0,0.0,11.74644136955405,0.0,0.0,0.001801067697646865,0.0,0.0,63.55709200431968,0.0,0.0,15.10516358084562,0.0,0.0
2012-03-01,0.00015050059762889347,0.0,0.0,102.10823288626662,4.3098021902379635,2.9877750083334846,0.00015082102177876275,0.0,0.0,0.0005457522150688819,0.0,0.0,0.005137064673289,0.0,0.0,0.00832243187848801,0.0,0.0,33.69918491667768,0.0,0.0,21.795778696995164,2.345071098877114,0.0,105.64717686003706,0.0,0.0,5.482827398807381,0.0,0.0
2012-04-01,38.506449453960215,0.0,0.0,66.36617119149088,5.348852684238811,3.8411503785689067,30.87168413015891,0.0,0.0,34.506308295168104,0.0,0.0,41.987977034152266,0.0,0.0,23.25943136233297,0.0,0.0,42.632275691794206,0.0,0.0,13.013934257890297,1.659331767417334,0.0,27.65127898769265,0.0,0.0,88.49469198339457,0.0,0.0
2012-05-01,34.824452440335875,0.0,0.0,65.92347301472797,5.722128423710091,3.832204013407371,37.075401820142346,0.0,0.0,36.32080693368849,0.0,0.0,33.03068962304064,0.0,0.0,30.636162294557835,0.0,0.0,24.68443741688812,0.0,0.0,54.62766170949696,1.9731523180988055,0.0,136.97928910145845,0.0,0.0,30.66730440970339,0.0,0.0
2012-06-01,35.34595630221651,0.0,0.0,67.0595158057193,5.5003690465570205,2.9678897291503348,28.077292017574432,0.0,0.0,24.471312057706243,0.0,0.0,30.253870035208973,0.0,0.0,56.61387048657186,0.0,0.0,44.75372609130843,0.0,0.0,14.65856713143886,0.9869110995276796,0.0,301.50146168701156,1.6006013127712446,1.0468715680711482,5.691339875589937,0.0,0.0
2012-07-01,7.8188278303335155,0.0,0.0,6.972274996536296,3.896280468163376,1.7877381884905685,8.406970475523869,0.0,0.0,43.69010505055246,0.0,0.0,40.142945084073,0.0,0.0,31.633685840385365,0.0,0.0,13.331872948193201,0.0,0.0,23.282886141882607,0.1276977499085145,0.0,59.94457589008774,1.1462456579370817,0.7388113117867511,12.295374894431495,0.0,0.0
2012-08-01,2.337784403189286,0.0,0.0,0.18653575626560215,2.5607163177928265,0.8051440157372474,0.00011068815454591199,0.0,0.0,4.3069335802829825,0.0,0.0,28.43306088391143,0.0,0.0,26.894160234395837,0.0,0.0,34.556663299573096,0.0,0.0,0.14326444431691457,0.0,0.0,147.75265634156528,0.8119307671101049,0.5433471351527145,7.543371120248026,0.0,0.0
2012-09-01,0.0001038258143350419,0.0,0.0,0.17534361088966602,1.4487256061943072,0.0,0.00010404686527315727,0.0,0.0,0.00037649796112039665,0.0,0.0,0.0035439056814323953,0.0,0.0,0.005741394257865999,0.0,0.0,53.219428601696364,0.0,0.0,12.380286299215518,0.0,0.0,81.56771961732137,0.5659418704396151,0.36831803404536734,0.0004987114315814719,0.0,0.0
2012-10-01,3.647344147779147,0.0,0.0,87.40626586533004,0.851907176790389,0.0,5.070668177588513,0.0,0.0,0.0003539080834531728,0.0,0.0,11.31825131528586,0.0,0.0,43.83068377583677,0.0,0.0,9.284164926940033e-05,0.0,0.0,21.923101048752823,0.0,0.0,17.730289985203957,0.38494324026946886,0.23953162145058118,0.0004687887456865836,0.0,0.0
2012-11-01,9.174048954644301e-05,0.0,0.0,61.22376906380086,0.8306471690610684,0.0,9.193581015536176e-05,0.0,0.0,0.0003326735984459824,0.0,0.0,0.0031313950601136644,0.0,0.0,0.5719844118842191,0.0,0.0,8.72711503132363e-05,0.0,0.0,0.0010320024292135158,0.0,0.0,8.72711503132363e-05,0.25176444819027516,0.14477057906333773,0.0004406614209453886,0.0,0.0
2012-12-01,8.623606017365644e-05,0.0,0.0,38.56657681365338,1.1886136613003133,0.2786673335042723,8.641966154604006e-05,0.0,0.0,0.0003127131825392235,0.0,0.0,0.0029435113565068447,0.0,0.0,0.004768710208275372,0.0,0.0,1.8464641759945757,0.0,0.0,3.135552416897261,0.0,0.0,51.01289331417817,0.15377149297840448,0.07504540407480387,2.50691599175522,0.0,0.0
2013-01-01,8.106189656323705e-05,0.0,0.0,38.57080199406929,1.7733808222227412,0.956900045980583,8.123448185327766e-05,0.0,0.0,0.0002939503915868701,0.0,0.0,0.0027669006751164338,0.0,0.0,0.0044825875957788495,0.0,0.0,13.223970850581386,0.0,0.0,0.016638372835573546,0.0,0.0,8.827489527339198,0.08166827653351005,0.023741620318240675,0.00038936843154734535,0.0,0.0
2013-02-01,7.619818276944284e-05,0.0,0.0,21.913833450732653,2.2941553674146773,1.538052756320103,7.6360412942081e-05,0.0,0.0,0.0002763133680916579,0.0,0.0,0.0026008866346094476,0.0,0.0,0.004213632340032118,0.0,0.0,25.40899277410705,0.0,0.0,0.015640070465439134,0.0,0.0,149.69470139227113,0.7281393946717791,0.6734058325722418,0.3568670134057326,0.0,0.0
2013-03-01,0.2707495742898502,0.0,0.0,44.960298451175035,2.8831111204944104,2.106627150420238,7.177878816555614e-05,0.0,0.0,0.0002597345660061584,0.0,0.0,0.002444833436532881,0.0,0.0,0.003960814399630191,0.0,0.0,8.510799643207502,0.0,0.0,0.014701666237512784,0.0,0.0,70.4971506563911,0.5042881785994952,0.46401522360665565,0.00034404594611523435,0.0,0.0
2013-04-01,14.530314826272889,0.0,0.0,54.13461714801603,3.2827856351907707,2.316478132322103,11.79838595350619,0.0,0.0,8.925419626566265,0.0,0.0,0.002298143430340908,0.0,0.0,0.0037231655356523797,0.0,0.0,6.404864825435915e-05,0.0,0.0,2.4889126448765433,0.0,0.0,118.20006404864826,0.3395784538135085,0.3099456135297772,33.93145743639248,0.0,0.0
2013-05-01,73.41330181438207,0.0,0.0,22.506328083002252,2.670753240790228,1.3614131316381315,56.06987543545598,0.0,0.0,90.47579712841566,0.0,0.0,151.6667476571683,0.5488805351026987,0.80861159410428,92.67733400411915,0.0,0.0,29.81843483951842,0.0,0.0,33.1463979850609,0.0,0.0,49.37828896549499,0.2183850383159796,0.1965811944352101,86.94424320798237,0.0,0.0
2013-06-01,38.06425016548008,0.0,0.0,34.261985934643214,1.5403423482819443,0.4501857734019086,39.115663256008304,0.0,0.0,29.350292025320087,0.0,0.0,50.57708557117568,0.27090766459372645,0.42069456631993857,73.4447448671923,0.0,0.0,38.590208570924666,0.0,0.0,11.336612824218967,0.0,0.0,186.89054731604188,0.5002600261228283,0.5422234175743758,44.33135265358936,0.0,0.0
2013-07-01,33.69426063406689,0.0,0.0,0.1723100524903978,0.5991622391795468,0.0,30.23190113398765,0.0,0.0,27.796452177140722,0.0,0.0,27.895454333389512,0.11060071017120199,0.1969828163967085,24.838050287465453,0.0,0.0,59.42896555129809,0.0,0.0,23.829193764726767,0.0,0.0,141.04878366653244,0.6274021638562484,0.4687382921020599,45.83684087913962,0.0,0.0
2013-08-01,52.77439949065179,0.0,0.0,9.02334229895035,0.0,0.0,49.61307758108511,0.0,0.0,40.711912422000566,0.0,0.0,36.31992171449942,0.01815168955573218,0.06796825021598178,22.507969723830808,0.0,0.0,56.52910884380614,0.0,0.0,13.051847961597069,0.0,0.0,105.14458125591551,0.4301657241654274,0.31342084732869574,62.194112359985,0.0,0.0
2013-09-01,18.196396458712684,0.0,0.0,64.41406956863052,0.0,0.0,26.694904254345,0.0,0.0,29.39786900236412,0.0,0.0,66.00174765186382,0.0,0.0,41.57567250963924,0.0,0.0,76.30037659540434,0.0,0.0,62.57892275284656,0.4136151954165288,0.0,49.39434021845121,0.2850391518409215,0.19913827146445434,54.5008660090109,0.0,0.0
2013-10-01,65.71955938749852,0.7790246678912066,0.0,4.572381278301747,0.0,0.0,68.79252091217025,0.9232982903466632,0.0,98.124558080484,1.0845728757247712,0.0,84.24317477517388,0.8190472204107434,0.7889135859670448,55.65730482751792,0.0,0.0,4.41852269481675e-05,0.0,0.0,11.567910776347638,0.3367736877339352,0.0,7.145910579269917,0.1782550199245501,0.11504915214354551,33.80747713440774,0.0,0.0
2013-11-01,4.3661162666156885e-05,0.6521335103394357,0.0,34.641674954032844,0.0,0.0,0.7725634379576025,0.0,0.0,0.00015832612370280248,1.5033998581046462,0.0,0.001490294522817093,1.0392534852028064,0.8956609127800464,0.002414389429340807,0.0,0.0,4.153411333127745e-05,0.0,0.0,0.008961679083185924,0.0,0.0,62.48240847747271,0.09968325566048396,0.05317637814722077,2.167924410884292,0.0,0.0
2013-12-01,4.104149290618747e-05,0.0,0.0,52.58254075596613,0.0,0.0,4.11288725291326e-05,0.0,0.0,0.0001488265562806343,1.0220088487240684,0.0,0.0014008768514480676,1.030553918265966,0.7940472715490943,0.002269526063580359,0.0,0.0,3.90420665314008e-05,0.0,0.0,0.008423978338194768,0.0,0.0,60.79832395417591,0.04187015151498409,0.007650391040725069,0.00019713653885185606,0.0,0.0
2014-01-01,3.8579003331816225e-05,0.0,0.0,44.79206791412719,0.0,0.0,3.866114017738465e-05,0.0,0.0,0.00013989696290379625,0.4270990682657994,0.0,0.0013168242403611835,0.9311540297693987,0.6519263190921302,0.002133354499765537,0.0,0.0,3.669954253951675e-05,0.0,0.0,0.007918539637903082,0.0,0.0,87.44451912141754,0.2577076080600258,0.019978839896507672,0.00018530834652074468,0.0,0.0
2014-02-01,3.626426313190725e-05,0.0,0.0,59.963642873303336,0.49840468505462515,0.08321158784834275,3.634147176674157e-05,0.0,0.0,0.00013150314512956848,0.0,0.0,0.0012378147859395125,0.7278517732782587,0.4433752626275097,0.002005353229779605,0.0,0.0,3.4497569987145744e-05,0.0,0.0,0.007443427259628897,0.0,0.0,66.20527131397624,0.158144470010567,0.0,0.0001741898457295,0.0,0.0
2014-03-01,3.408840734399282e-05,0.0,0.0,111.11455946884061,2.0339727634238383,1.5644193471448782,3.416098346073708e-05,0.0,0.0,5.1865799117845475,0.0,0.0,0.0011635458987831416,0.3741203776495717,0.2100627739572849,0.0018850320359928285,0.0,0.0,3.2427715787917e-05,0.0,0.0,0.6151587478935824,0.0,0.0,126.48861885349704,0.15316446455193522,0.0,0.7566945001737357,0.0,0.0
2014-04-01,36.848533630016966,0.0,0.0,61.29681114342207,3.312138259134376,2.67360508941223,40.30489661327758,0.0,0.0,24.898694077038414,0.0,0.0,19.664909040762044,0.17012348179050796,0.07551146174116619,30.772475055113834,0.0,0.0,7.048652613400497,0.0,0.0,23.52336168029536,0.0,0.0,191.71177364611535,0.5551809082559036,0.0,28.11870860164769,0.0,0.0
2014-05-01,60.062609466219854,0.0,0.0,40.31202298853902,3.7251395021709572,2.7052421418946992,59.75346036042624,0.0,0.0,34.282708101361415,0.0,0.0,21.604803133570226,0.05247847194858592,0.0,43.13476803129919,0.0,0.0,40.03135494707498,0.0,0.0,14.737089068833106,0.0,0.0,89.62977108477031,0.377025324294694,0.0,20.3225018570332,0.0,0.0
2014-06-01,87.12739037383261,0.0,0.0,50.301460727879025,3.418953566441762,1.877862639504403,79.29880767044129,0.0,0.0,124.62928968266256,1.7893477073695732,0.0,83.51076866870055,0.0,0.0,82.18692334346422,0.0,0.0,87.66046394566065,0.0,0.0,44.63388761996679,0.0,0.0,71.00832161167628,0.2459384456160359,0.0,162.12965260010338,0.0,0.0
2014-07-01,20.575429446519834,0.0,0.0,0.19711844553440824,2.163293939419411,0.8801816336513661,26.18773419068356,0.0,0.0,7.628348158636388,1.1267586395789788,0.0,7.3196584372503875,0.0,0.0,32.44219744480948,0.0,0.0,75.09524016165538,0.0,0.0,15.622866936010972,0.0,0.0,71.70270476126476,0.14948472028427923,0.0,20.33215603687063,0.0,0.0
2014-08-01,71.68107360160364,0.0,0.0,26.638013506771095,1.1178317339606016,0.04951242817812743,58.627558029867544,0.0,0.0,86.58955605207719,1.6104996659032653,0.0,103.24440861851538,0.0,0.03366140709804601,51.22195838376545,0.0,0.0,20.170205073245118,0.0,0.0,67.24845774944016,1.462052650506407,0.0,82.03538756836231,0.07851406918517263,0.0,92.27822685776385,0.0,0.0
2014-09-01,38.47702852144492,0.0,0.0,9.38170712263436,0.24737990169559698,0.0,53.64961463108331,0.0,0.0,29.23714277196037,0.9636849953701483,0.0,16.221931540369287,0.0,0.0,12.19221229187233,0.0,0.0,30.846323640432445,0.0,0.0,37.90933129033312,1.6554437565410212,0.0,235.8897196365262,1.5987790361887877,1.2072420128047592,38.099075360555844,0.0,0.0
2014-10-01,0.9659461778340094,0.0,0.0,44.5877346574345,0.0,0.0,2.1174568450151825,0.0,0.0,0.00833897981266957,0.3739193787782655,0.0,0.0007545334451756048,0.0,0.0,1.40293214835413,0.0,0.0,17.494065523276024,0.0,0.0,12.377904591624072,0.7101234006985373,0.0,14.831704378256495,1.1449048268277104,0.8568118850217418,15.162395609430304,0.0,0.0
2014-11-01,2.0779234281233714e-05,0.0,0.0,117.37321158102493,0.01422453264650444,0.0,2.0823474427680942e-05,0.0,0.0,7.535061863595819e-05,0.0,0.0,0.0007092614384650685,0.0,0.0,0.0011490569772960825,0.0,0.0,14.953163077475168,0.0,0.0,0.004265045130534154,0.0,0.0,87.1868850013033,0.8109441835798296,0.5989653969989978,9.98098762040081e-05,0.0,0.0
2014-12-01,1.9532480224359693e-05,0.0,0.0,58.691664892194474,0.8345999907436701,0.18620570103636944,1.9574065962020086e-05,0.0,0.0,7.082958151780069e-05,0.0,0.0,0.0006667057521571643,0.0,0.0,0.0010801135586583175,0.0,0.0,1.858091259462329e-05,0.0,0.0,0.004009142422702105,0.0,0.0,76.05347927427198,0.7302326470734394,0.40924195111186273,8.233858469721131,0.0,0.0
